N,P,K,temperature,humidity,ph,rainfall,label
90,42,43,20.87974371,82.00274423,6.502985292000001,202.9355362,rice
85,58,41,21.77046169,80.31964408,7.038096361,226.6555374,rice
60,55,44,23.00445915,82.3207629,7.840207144,263.9642476,rice
74,35,40,26.49109635,80.15836264,6.980400905,242.8640342,rice
78,42,42,20.13017482,81.60487287,7.628472891,262.7173405,rice
69,37,42,23.05804872,83.37011772,7.073453503,251.0549998,rice
69,55,38,22.70883798,82.63941394,5.70080568,271.3248604,rice
94,53,40,20.27774362,82.89408619,5.718627177999999,241.9741949,rice
89,54,38,24.51588066,83.53521629999999,6.685346424,230.4462359,rice
68,58,38,23.22397386,83.03322691,6.336253525,221.2091958,rice
91,53,40,26.52723513,81.41753846,5.386167788,264.6148697,rice
90,46,42,23.97898217,81.45061596,7.50283396,250.0832336,rice
78,58,44,26.80079604,80.88684822,5.108681786,284.4364567,rice
93,56,36,24.01497622,82.05687182,6.98435366,185.2773389,rice
94,50,37,25.66585205,80.66385045,6.94801983,209.5869708,rice
60,48,39,24.28209415,80.30025587,7.042299068999999,231.0863347,rice
85,38,41,21.58711777,82.7883708,6.2490506560000005,276.65524589999995,rice
91,35,39,23.79391957,80.41817957,6.970859754,206.2611855,rice
77,38,36,21.8652524,80.1923008,5.953933276,224.55501690000003,rice
88,35,40,23.57943626,83.58760316,5.85393208,291.2986618000001,rice
89,45,36,21.32504158,80.47476396,6.442475375,185.4974732,rice
76,40,43,25.15745531,83.11713476,5.070175667,231.3843163,rice
67,59,41,21.94766735,80.97384195,6.012632591,213.3560921,rice
83,41,43,21.0525355,82.67839517,6.254028451,233.1075816,rice
98,47,37,23.48381344,81.33265073,7.375482851,224.0581164,rice
66,53,41,25.0756354,80.52389148,7.778915154,257.0038865,rice
97,59,43,26.35927159,84.04403589,6.2865001760000006,271.35861370000003,rice
97,50,41,24.52922681,80.54498576,7.070959995,260.2634026,rice
60,49,44,20.77576147,84.49774397,6.244841491,240.0810647,rice
84,51,35,22.30157427,80.64416466,6.043304899,197.9791215,rice
73,57,41,21.44653958,84.94375962,5.824709117,272.2017204,rice
92,35,40,22.17931888,80.33127223,6.3573893660000005,200.0882787,rice
85,37,39,24.52783742,82.73685569,6.364134967999999,224.67572310000003,rice
98,53,38,20.26707606,81.63895217,5.01450727,270.4417274,rice
88,54,44,25.7354293,83.88266234,6.149410611,233.1321372,rice
95,55,42,26.79533926,82.1480873,5.950660556,193.3473987,rice
99,57,35,26.75754171,81.17734011,5.960370061,272.29990560000005,rice
95,39,36,23.86330467,83.15250801,5.561398642,285.2493645,rice
60,43,44,21.01944696,82.95221726,7.416245107000001,298.40184710000005,rice
63,44,41,24.17298839,83.7287574,5.583370042,257.0343554,rice
62,42,36,22.78133816,82.06719137,6.430010215,248.7183228,rice
64,45,43,25.62980105,83.52842314,5.534878156,209.9001977,rice
83,60,36,25.59704938,80.14509262,6.903985986,200.834898,rice
82,40,40,23.83067496,84.81360127,6.271478837999999,298.5601175,rice
85,52,45,26.31355498,82.36698992,7.224285503,265.5355937,rice
91,35,38,24.8972823,80.52586088,6.13428721,183.6793207,rice
76,49,42,24.958779,84.47963372,5.206373153,196.95600080000003,rice
74,39,38,23.24113501,84.59201843,7.782051312999999,233.0453455,rice
79,43,39,21.66628296,80.70960551,7.062779015,210.8142087,rice
88,55,45,24.63544858,80.41363018,7.730367824,253.7202781,rice
60,36,43,23.43121862,83.06310136,5.286203711000001,219.9048349,rice
76,60,39,20.0454142,80.3477562,6.766240045,208.5810155,rice
93,56,42,23.85724032,82.22572988,7.382762603,195.0948311,rice
65,60,43,21.97199397,81.89918197,5.658169482000001,227.3637009,rice
95,52,36,26.22916897,83.83625819,5.543360237999999,286.5083725,rice
75,38,39,23.44676801,84.79352417,6.215109715,283.9338466,rice
74,54,38,25.65553461,83.47021081,7.120272972,217.3788583,rice
91,36,45,24.44345477,82.45432595,5.950647577000001,267.97619480000003,rice
71,46,40,20.2801937,82.1235421,7.236705436,191.9535738,rice
99,55,35,21.7238313,80.2389895,6.501697816,277.9626192,rice
72,40,38,20.41447029,82.20802629,7.592490617,245.1511304,rice
83,58,45,25.75528612,83.51827127,5.875345751,245.6626799,rice
93,58,38,20.61521424,83.77345559,6.932400225,279.5451717,rice
70,36,42,21.84106875,80.72886384,6.9462098810000015,202.3838319,rice
76,47,42,20.08369642,83.29114712,5.739175027000001,263.6372176,rice
99,41,36,24.45802087,82.74835604,6.738652179,182.5616319,rice
99,54,37,21.14347496,80.33502926,5.5948196260000005,198.6730942,rice
86,59,35,25.78720567,82.11124033,6.946636369,243.5120414,rice
69,46,41,23.64124821,80.28597873,5.012139669,263.1103304,rice
91,56,37,23.43191632,80.56887849,6.363472207999999,269.5039162,rice
61,52,41,24.97669518,83.891805,6.880431223,204.8001847,rice
67,45,38,22.72791041,82.17068809999998,7.300410836,260.8875056,rice
79,42,37,24.87300744,82.84022551,6.587918707999999,295.6094492000001,rice
78,43,42,21.32376327,83.00320459,7.283736617000001,192.3197536,rice
75,54,36,26.29465461,84.56919326,7.023936392,257.4914906,rice
97,36,45,22.2286982,81.85872947,6.939083505,278.0791793,rice
67,47,44,26.73072391,81.78596776,7.868474653,280.4044392,rice
73,35,38,24.88921174,81.97927117,5.005306977,185.9461429,rice
77,36,37,26.88444878,81.46033732,6.136131869,194.5766559,rice
81,41,38,22.67846116,83.72874389,7.5240800760000015,200.9133156,rice
68,57,43,26.08867875,80.37979919,5.706943251,182.9043504,rice
72,45,35,25.42977518,82.94682591,5.758506323,195.3574542,rice
61,53,43,26.40323239,81.05635517,6.349606327,223.3671883,rice
67,43,39,26.04371967,84.96907151,5.9999690260000005,186.7536773,rice
67,58,39,25.2827223,80.54372813,5.453592032,220.1156708,rice
66,60,38,22.08576562,83.47038318,6.372576327000001,231.7364957,rice
82,43,38,23.28617173,81.43321641,5.105588355,242.3170629,rice
84,50,44,25.48591986,81.40633547,5.9353444060000005,182.6549356,rice
81,53,42,23.67575393,81.03569343,5.17782304,233.7034975,rice
91,50,40,20.82477109,84.1341879,6.462391607000001,230.22422230000004,rice
93,53,38,26.92995077,81.91411159,7.069172227,290.67937830000005,rice
90,44,38,23.83509503,83.88387074,7.473134377,241.20135130000003,rice
81,45,35,26.52872817,80.12267476,6.158376967000001,218.9163567,rice
78,40,38,26.46428311,83.85642678,7.549873681,248.2256491,rice
60,51,36,22.69657794,82.81088865,6.028321557999999,256.9964761,rice
88,46,42,22.68319059,83.46358271,6.604993475,194.2651719,rice
93,47,37,21.53346343,82.14004101,6.500343222000001,295.9248796,rice
60,55,45,21.40865769,83.32931909999998,5.935745417000001,287.5766935000001,rice
78,35,44,26.54348085,84.67353597,7.072655622,183.6222657,rice
65,37,40,23.35905428,83.59512273,5.333322606,188.413665,rice
71,54,16,22.61359953,63.69070564,5.7499144210000015,87.75953857,maize
61,44,17,26.10018422,71.57476937,6.931756557999999,102.2662445,maize
80,43,16,23.55882094,71.59351368,6.657964753,66.71995467,maize
73,58,21,19.97215954,57.68272924,6.596060648,60.65171481,maize
61,38,20,18.47891261,62.69503871,5.970458434,65.43835393,maize
68,41,16,21.77689322,57.80840636,6.158830619,102.0861694,maize
93,41,17,25.6217169,66.50415474,6.047906679,105.4654703,maize
89,60,19,25.19192419,66.69029010000001,5.913664501,78.06639649,maize
76,44,17,20.41683147,62.55424820000001,5.855442401,65.27798457,maize
67,60,25,24.92162194,66.78627406,5.750254943,109.2162279,maize
70,44,19,23.31689124,73.4541537,5.852607099,94.29712821,maize
90,49,21,24.84016732,68.3584573,6.4725232870000005,74.05474936,maize
62,52,16,22.27526694,58.84015925,6.9670577620000005,63.87020584,maize
92,44,16,18.87751445,65.76816093,6.082973754,94.76189431,maize
66,54,21,25.19008683,60.200168700000006,5.919045532,72.12375573,maize
63,58,22,18.25405352,55.28220433,6.204747652999999,63.72358154,maize
70,47,17,24.612911800000006,70.4162444,6.600827017,104.1626147,maize
61,41,17,25.1420613,65.26185135,6.021902237000001,76.68456006,maize
66,53,19,23.09348056,60.11593810000001,6.033550195,65.49730729,maize
74,55,19,18.05033737,62.89366992,6.28886807,84.23613484,maize
77,57,21,24.9321581,73.80435276,6.550563822999999,79.74078719,maize
99,50,15,18.14710054,71.09445342,5.573286437,88.07753741,maize
74,56,22,18.28362235,66.65952796,6.829199275,80.97573281,maize
83,45,21,18.83344471,58.75082029,5.716222912,79.75328959999999,maize
100,48,16,25.71895816,67.22190688,5.54990242,74.51490791,maize
79,51,16,25.33797709,68.49835977,6.586244581,96.46380213,maize
94,39,18,23.89114571,57.48775781,5.893093135,102.8301942,maize
75,49,15,21.53574127,71.50905983,5.918263801,102.4852929,maize
78,48,22,23.08974909,63.10459626,5.588650585,70.43473609,maize
87,54,20,25.61707368,63.4711755,6.576418207000001,108.8303762,maize
87,35,25,21.44526922,63.1621551,6.178056304,65.88951188,maize
63,43,19,18.51816776,55.53128131,6.641906353,90.988051,maize
84,57,25,22.53510514,67.99257471,6.489040367,64.40866039,maize
64,35,23,23.02038334,61.89472002,5.680361037999999,63.03843397,maize
60,46,22,24.89364635,65.61418761,6.625404347999999,87.9298085,maize
98,44,21,25.77175115,74.089114,6.524478032,107.4931917,maize
75,56,18,19.39851734,62.35750641,5.696205468,60.95197486,maize
86,55,21,21.54156232,59.64024162,6.803931519,109.7515385,maize
98,35,18,23.79746068,74.82913698,6.252797547999999,91.76337172,maize
76,57,18,18.9802729,74.52600826,6.092725883,94.26249353,maize
99,56,17,24.10859207,73.13112261,6.234330356,71.07562236,maize
60,44,23,24.7947077,70.04556743,5.722579819,76.72860067,maize
74,48,17,21.63162756,60.27766379,6.430616465,69.21803098,maize
89,60,17,25.37548751,57.21025565,5.983952675,101.7004306,maize
69,51,23,22.21738222,72.85462807,6.80163854,106.6213157,maize
96,46,22,20.58314011,69.00128641,6.499936446,66.29390357,maize
61,60,15,24.87502824,68.74248334,6.265564338,91.26056654,maize
74,58,18,20.03728219,56.35606753,6.727303282,109.024141,maize
74,43,23,25.95263264,61.89082199,6.325235159,99.57981207,maize
63,43,17,19.28889933,65.47050802,6.807487794,71.3195307,maize
99,36,20,20.57981887,65.34583901,6.671085817000001,78.34604471,maize
77,36,23,24.71417533,56.73426469,6.648725327,88.45361858,maize
87,60,23,20.27317074,63.91281869,6.439071996,62.50351892,maize
60,38,17,18.41932981,64.23580251,6.474476516,76.41312437,maize
94,54,17,23.39128187,61.74427165,5.871647806,107.3198135,maize
95,38,22,19.84939404,61.24500053,5.730617109,100.7689246,maize
84,44,21,21.869274,61.91044947,5.850439831,107.2681929,maize
77,58,19,22.8056033,56.50768935,5.791649933,101.5952794,maize
66,44,20,19.0781471,69.02298571,6.740000687999999,80.72515943,maize
63,35,16,22.02720976,65.35549924,6.272417541,83.73280082,maize
79,45,20,23.80546189,59.24537979,5.715208817000001,89.96220140000001,maize
72,60,25,18.52510753,69.0276233,5.773454729,88.10234397,maize
67,51,24,23.50297882,61.32026065,5.584171461,64.77791424,maize
86,36,24,26.54986394,72.89187265,5.787268394,73.33636055,maize
76,48,18,19.29563411,69.63481219,5.77597783,83.21030571,maize
75,53,18,20.68899915,59.4375337,6.864793607,103.651438,maize
81,45,23,19.32666088,68.03449300000001,6.192360002999999,84.22969177,maize
73,45,21,24.60532218,73.58868502,6.636803222999999,96.59195302,maize
71,35,24,22.27373646,59.52193158,5.826426917,67.96704792,maize
96,54,22,25.70196694,61.33450447,6.960358276,83.20711308,maize
99,39,18,19.20129357,68.30578978,6.11275104,87.85092352,maize
62,48,20,21.70181447,60.47470519,6.708446922,95.71388473,maize
86,37,16,20.51716779,59.21235483,5.561510732,67.61013737,maize
94,50,19,23.30355338,73.62548442,5.873242491,97.59081274,maize
76,39,24,24.2547451,55.64709899,6.995843776,64.23845455,maize
77,52,17,24.86374934,65.7420046,5.714799723,75.82270467,maize
74,39,23,22.6265115,65.77472881,6.78073637,88.17251033,maize
81,49,20,18.04185513,60.61494304,5.513697923,104.2321615,maize
63,42,21,23.26237612,72.33125523,5.798423907999999,67.10225139,maize
99,38,21,22.88330922,71.59722446,6.352471866,67.72777298,maize
90,52,25,25.97482359,69.36385721,6.822586546,103.2234212,maize
68,40,19,26.14384005,66.20569924,6.655426355,107.2361366,maize
60,57,24,18.66116213,61.55327249,6.1212940410000005,75.03247667,maize
71,52,18,25.10787449,55.97732754,5.790770202999999,78.16077693,maize
61,59,17,23.33844615,59.24580604,6.47444292,105.0083144,maize
88,38,15,25.08239719,65.92195844,6.455116637000001,62.49190812,maize
65,60,22,25.36768364,72.52054555,6.6069840860000015,107.9124111,maize
78,37,22,25.34217103,63.31801994,6.330554389,74.52082026,maize
78,58,15,25.00933355,67.816568,6.5286312660000005,62.91359494,maize
92,60,23,18.66746724,71.516474,5.721667141,69.93293255,maize
79,59,17,20.37999665,63.73849998,6.644205485,108.5054416,maize
91,55,15,18.09300227,72.61024172,6.376651091,78.96159541,maize
76,51,18,26.16985907,71.96246617,6.247040422,79.84925393,maize
87,48,25,18.65396672,61.37879671,6.656730007999999,93.62039175,maize
71,60,22,26.07470121,59.37147589,6.2048017,85.75692395,maize
90,57,24,18.92851916,72.80086137,6.158860284,82.34162918,maize
67,35,22,23.30546753,63.24648023,6.385684213999999,108.7603001,maize
60,54,19,18.74826712,62.49878458,6.417820493,70.23401597,maize
83,58,23,19.74213321,59.66263104,6.381201909,65.50861389,maize
83,57,19,25.73044432,70.74739256,6.877869005,98.73771338,maize
56,79,15,29.48439992,63.19915325,7.454532137,71.89090748,blackgram
25,62,21,26.73433965,68.13999721,7.040056094,67.15096376,blackgram
42,61,22,26.27274407,62.28814857,7.418650668,70.23207557,blackgram
42,73,25,34.03679184,67.21113844,6.501869314,73.23573601,blackgram
44,58,18,28.03644051,65.06601664,6.814410927999999,72.49507741,blackgram
50,55,16,28.81460716,65.33538112,7.581442888,62.26242533,blackgram
35,72,21,34.03619494,64.28791388,7.741418772,66.85510868,blackgram
30,64,20,33.8642935,61.57072498,6.573531614,68.02199825,blackgram
27,64,21,32.84213012,68.68401492,7.543804222999999,73.67166182,blackgram
50,74,17,27.10053268,63.36085585,6.5408208,73.84949872,blackgram
39,73,24,25.65842532,61.18235808,7.22405917,69.28607828,blackgram
57,67,25,32.34744009,66.61452812,7.551364319,64.55882254,blackgram
52,63,19,29.58949031,68.32176769,6.928898659,67.53021213,blackgram
55,66,22,30.91219459,68.79427388,7.747775262999999,66.63830637,blackgram
51,56,18,28.12787838,64.2097765,6.706505915,70.86340755,blackgram
36,66,15,30.08545364,69.34811988,6.668238556,67.1367443,blackgram
59,55,19,31.74379487,62.51007687,7.332375138,68.97097538,blackgram
50,58,23,27.81326852,62.50460464,7.596802025,69.75555541,blackgram
30,65,25,32.88733849,64.59457409,7.70650895,71.50569456,blackgram
20,62,18,29.36358721,64.98742947,7.366542647,61.91208707,blackgram
58,71,15,27.82592799,67.58618829999999,6.919243702,74.01229707,blackgram
25,71,24,28.49538735,60.44848407,7.187721817999999,74.91559514,blackgram
52,71,16,27.74274761,68.53997144,7.0758864720000005,71.78615328,blackgram
40,63,18,30.41588462,67.66323804,6.74441168,63.02473185,blackgram
20,60,25,27.3254209,69.09047809,6.726469087999999,61.19250859,blackgram
48,61,21,30.28496619,61.69295127,6.628264883,65.62859526,blackgram
49,68,22,28.56840626,61.53278622,7.127064207,63.49726331,blackgram
48,62,15,25.36586097,66.6379724,7.538631462000001,65.81655892,blackgram
32,66,17,34.9466155,65.26774011,7.162357641,70.1415139,blackgram
21,63,22,25.09737391,67.72837887,6.859409487000001,74.61649888,blackgram
20,72,19,32.47648301,64.34848735,7.397190844,65.82045699999999,blackgram
25,65,21,33.86351172,68.59232289,6.880245789,69.24464096,blackgram
41,78,21,25.19857725,60.37332688,6.581313137,70.88787207,blackgram
53,67,17,31.77681682,69.01852894,7.296972161,61.46892873,blackgram
39,60,21,34.89814946,63.59948557,6.97297656,64.72797143,blackgram
25,76,17,31.74105409,68.63525428,7.241148507,62.3061735,blackgram
21,78,19,27.16159076,66.76017239,6.92009048,69.85112265,blackgram
57,60,17,26.23773129,67.88521396,7.504608385,73.58663968,blackgram
56,75,15,30.20157245,60.06534859,7.152272256,66.37171179,blackgram
49,72,15,31.55846339,67.83563765,7.137004749,74.86960831,blackgram
24,80,19,29.67892453,69.0854554,6.8080417220000005,65.66436565,blackgram
49,76,18,27.05365239,67.7017527,7.393631868,60.4693835,blackgram
28,68,19,34.63880966,61.38597868,7.69950698,72.43169115,blackgram
55,78,21,33.39438752,62.93692886,6.602888248999999,63.57445989,blackgram
50,64,25,28.84079155,63.37230676,6.734447425,70.25496749,blackgram
34,80,19,31.49338309,63.0563645,6.521217963,71.48327008,blackgram
20,68,23,25.54960633,63.95425534,7.707332484,63.1830529,blackgram
55,67,16,34.37329112,69.69366426,6.596719015,70.27184748,blackgram
23,70,15,34.600824700000004,63.11296779,7.403623355,60.41790253,blackgram
53,74,15,29.43463808,64.94329356,7.517097,72.17818157,blackgram
26,67,16,29.10713092,67.90577375,7.17620823,67.83345933,blackgram
33,80,22,28.57006111,65.71765781,6.593961761,70.0866434,blackgram
37,79,19,27.54384835,69.3478631,7.143942758,69.40878198,blackgram
33,75,21,33.04687968,68.93875631,6.690655045,62.30278274,blackgram
22,55,20,33.95309131,69.96100028,7.423530351,61.16350463,blackgram
20,68,17,30.11873003,60.11680815,6.578714842999999,71.72980375,blackgram
43,68,20,29.57812712,66.17587668,7.497469256,69.43895491,blackgram
44,76,22,27.26458947,68.01232937,7.775306272000001,68.91754359,blackgram
34,60,16,31.35730791,64.24992106,7.322555222999999,63.85668948,blackgram
21,72,17,31.52104732,66.55723677,7.580527339,61.71111448,blackgram
25,68,19,29.39982732,64.25510719,7.1084501210000015,67.47677295,blackgram
41,62,15,29.38400259,64.14928485,7.358974541,65.24194361,blackgram
28,65,23,28.38686534,61.88871127,7.405176138,74.24459122,blackgram
35,64,15,28.47442276,63.53604453,6.500144962,69.5274407,blackgram
52,58,16,30.64095781,61.14508627,7.167435834,71.36947525,blackgram
58,75,25,25.25596239,61.36669662,7.261791753,68.64685069,blackgram
34,66,19,32.97030511,60.18122078,7.586642101,73.44678678,blackgram
52,70,16,33.66855394,66.60416867,7.534811832999999,67.32520551,blackgram
23,57,19,32.83963757,67.99803573,7.251000789,73.40452716,blackgram
42,58,25,27.45853567,62.90020977,6.513620917999999,69.46020927,blackgram
37,62,17,25.68576704,69.84354028,7.121254928,74.62068748,blackgram
44,75,22,30.0328403,64.14800537,7.574561547,71.21006868,blackgram
21,80,20,28.20667264,68.27085245,7.350869792,64.32887142,blackgram
56,76,16,28.27265858,61.18956161,7.5131510760000015,63.29900785,blackgram
29,76,15,28.541723600000005,64.2020154,7.0256077060000015,69.68862306,blackgram
43,61,20,26.87187036,61.61367264,6.804253866,63.51822045,blackgram
55,60,15,32.79766751,68.77994074,7.163043872,64.11411069,blackgram
44,63,15,26.42333018,64.51136845,7.338929556,63.46546487,blackgram
29,67,21,29.79181107,63.38789228,6.621323612,63.02169909,blackgram
47,63,16,27.44003279,67.10464369,6.661870999,72.50669768,blackgram
40,68,17,34.1262979,65.14877461,7.733149554,70.40795007,blackgram
58,61,15,30.94908189,64.23364112,7.402891666,62.78730907,blackgram
41,74,18,28.75751783,61.02701476,6.599147297999999,73.37686831,blackgram
58,79,17,27.24766491,66.10123083,7.04174124,62.31842057,blackgram
27,62,24,28.63005477,66.770943,7.353876754,62.2737345,blackgram
27,60,17,26.41768321,63.64698302,7.026795358999999,64.42177127,blackgram
52,65,20,32.81705216,66.15665137,6.814301033,68.83924882,blackgram
44,55,25,29.6321052,65.91359954,7.42160832,71.16331975,blackgram
21,62,24,33.49077065,62.73317204,6.8473828910000005,65.45328463,blackgram
60,59,22,31.86847286,66.74217464,7.191522601,74.22238583,blackgram
33,77,21,30.32992227,65.62971858,7.01285529,71.64631281,blackgram
59,58,17,28.546224,66.31394098,7.368318809,62.83469851,blackgram
29,63,17,30.02629908,67.88811637,7.26154329,66.47264636,blackgram
59,63,18,31.65531175,60.13263713,6.52669158,66.69096751,blackgram
29,70,15,30.33499674,63.54718862,6.872594461,74.16699119,blackgram
58,73,16,33.36984395,65.67718163,6.874142175,64.89517488,blackgram
55,77,22,31.4345059,62.99303471,7.76061831,64.77651469,blackgram
42,79,23,27.71678273,63.29103387,6.781841984,68.56507978,blackgram
44,77,21,32.63918668,61.3009051,7.326980454,61.83876146,blackgram
38,62,25,32.7477393,67.77954584,7.453975408,63.37784443,blackgram
32,76,15,28.05153602,63.49802189,7.604110177000001,43.35795377,lentil
13,61,22,19.44084326,63.27771461,7.728832424,46.83130119,lentil
38,60,20,29.84823072,60.63872613,7.491217102,46.80452595,lentil
11,74,17,21.36383757,69.92375891,6.633864582,46.6352865,lentil
37,71,16,26.28663931,68.51966729,7.324863481,46.13833007,lentil
29,71,18,22.17499963,62.13873825,6.410441476,53.46622584,lentil
2,72,18,26.57597546,60.97876599,7.836719564,50.89110726,lentil
6,59,21,26.58972517,66.14007674,6.139215944,50.90994463,lentil
13,64,20,19.1345771,62.57526895,6.590571088,36.46946971,lentil
8,58,17,28.75273118,69.15640149,7.286049977999999,35.15426171,lentil
6,77,20,25.78746268,60.2816298,6.058306161,49.14337177,lentil
2,75,22,23.89271875,61.78779413,6.658605362,52.55730112,lentil
3,69,23,28.67408774,63.18832976,7.299360767,42.96018627,lentil
27,80,24,28.42062847,61.77336343,7.815210661,49.02366803,lentil
39,78,15,21.35499456,62.60136323,5.925391795,41.78219834,lentil
40,79,17,21.12695586,63.18738532,6.403683619,38.71834464,lentil
37,62,22,24.02037872,61.62313345,7.397546271,49.78102578,lentil
31,60,24,25.40474421,65.8567539,7.722335992,51.92057267,lentil
22,67,22,29.03017561,64.49166566,7.475926645,54.93937710000001,lentil
3,78,18,20.21368219,68.65257685,6.887130053,50.89732989,lentil
4,80,16,29.19585548,68.01965728,7.441976825,44.93261911,lentil
13,61,24,18.29783597,69.6897615,7.629910252999999,49.39111479,lentil
12,66,20,27.41434987,63.41785982,7.336117221,44.43177543,lentil
4,61,21,24.84063998,60.09116626,6.75020529,48.77790371,lentil
9,60,21,29.94413861,67.31323084,7.52178027,40.37113729,lentil
18,66,22,25.87990287,67.55109024,6.347379185,47.89645224,lentil
32,56,18,20.0467711,65.84395319,7.135251532000001,46.05333124,lentil
6,72,15,22.99451999,66.70897237,7.670178119,54.49044154,lentil
15,77,20,25.13163619,66.92642362,7.399749291,49.04015558,lentil
0,65,24,28.49584395,62.44616219,7.841496029,53.14531023,lentil
30,79,22,18.28766124,69.48515056,6.254216611,48.60449438,lentil
3,63,16,24.38041875,61.18458224,6.868881707999999,53.13946695,lentil
2,78,23,21.31852148,66.43934593,7.320514721,45.42616802,lentil
10,78,18,18.54141834,62.70637578,6.296976913,44.07819743,lentil
14,67,25,25.28710601,60.85993533,7.241151936,49.37369982,lentil
39,65,23,25.43459777,69.12613376,7.685959305,41.02682925,lentil
19,72,15,28.83600962,69.76112921,6.890760124,44.08562546,lentil
18,57,21,27.37659643,63.93927841,6.155915975,49.47371773,lentil
31,58,15,28.31886863,60.19461399,6.167855382000001,45.36521251,lentil
28,58,25,27.4818649,62.04814951,6.861640036,37.81123974,lentil
5,65,19,18.28072173,68.10365387,6.978361689,48.80253285,lentil
16,65,19,27.61204997,69.29786244,7.043160241,42.72374404,lentil
34,65,19,23.43974653,63.22011726,5.94239222,45.40277297,lentil
14,69,19,20.95628486,63.68128841,7.239455147,52.39881209,lentil
22,55,16,23.7937153,68.03209183,6.516317561,49.73922097,lentil
24,61,17,22.6371424,65.44544859,6.233269045,38.30411077,lentil
2,79,15,21.53577883,65.47227704,7.505283615,35.75107592,lentil
26,63,17,29.87854588,65.73085206,6.950300686,44.95654782,lentil
27,61,15,25.2653291,67.10004577,6.958054839,48.33941188,lentil
24,70,16,25.17885316,68.93307305,6.54803469,35.03484812,lentil
13,74,25,24.12192608,61.09533545,6.461618577,44.23629285,lentil
6,64,23,23.33565221,67.40460704,7.065264073,36.18678721,lentil
12,58,23,21.74600081,63.39503184,6.765091462000001,50.43306085,lentil
32,79,22,27.60195453,63.46170674,5.91645379,54.37814199,lentil
6,68,18,24.388717,62.50453062,6.711341147000001,47.26052494,lentil
10,79,20,24.98287462,66.895409,6.379881442,38.21370568,lentil
38,77,22,28.234829,69.3159965,6.313284267999999,35.36831423,lentil
17,74,17,26.03026959,69.55863145,7.393210848,37.11395801,lentil
26,68,24,28.04849594,64.07691942,7.504930973,37.15824966,lentil
23,75,17,24.87425505,64.00213929,7.198076286,48.28137482,lentil
32,78,22,23.97081395,62.35557553,7.007037515,53.40906048,lentil
19,79,19,20.06003985,67.76252583,6.677262562,42.89509057,lentil
22,60,18,19.59221047,61.28633405,6.74398035,41.7704893,lentil
28,69,16,29.77013109,66.29327012,6.547361617999999,35.69674138,lentil
1,67,21,27.52135365,60.53657684,6.551577598,48.06491307,lentil
12,67,23,25.62896213,63.14909763,6.585020302999999,45.49683991,lentil
36,67,20,20.39078312,60.47528931,6.924042372000001,53.31508572,lentil
28,70,21,25.39038396,60.4989659,7.437373666,39.18374505,lentil
12,71,19,24.91079638,60.71367427,7.142611056000002,42.19740397,lentil
22,68,16,27.70496805,63.20915034,7.74672376,37.46160727,lentil
26,66,22,18.06486101,65.1034354,6.300479414,51.54922825,lentil
16,65,16,18.13027797,62.45851612,6.078724107,50.6128521,lentil
14,59,22,23.82723528,67.89815262,6.76660668,46.90725077,lentil
33,59,19,23.19305333,62.74710773,7.641024177,49.55213308,lentil
21,63,17,25.08966129,68.17543102,6.559681838,41.45486619,lentil
0,69,21,25.86928193,61.88321072,7.072923306,36.68284038,lentil
10,75,17,18.43966037,68.05394959,7.732194787999999,39.00992137,lentil
30,61,18,27.14911056,67.02664337,6.157782589,52.50812701,lentil
0,74,17,23.33375853,64.50515776,7.240988401,47.01510708,lentil
35,74,22,26.7230014,62.96841833,6.898905799,42.87274897,lentil
7,63,24,19.55750776,64.45268309,6.818681086000002,53.04669416,lentil
9,56,17,26.13708256,66.7729209,6.261937875,46.48280681,lentil
14,74,15,27.99990346,65.57653373,6.493036868,49.94043064,lentil
14,76,20,29.05941162,62.10652364,7.042474679,36.5011366,lentil
36,65,16,25.71269843,64.1123333,7.692013657,50.17067771,lentil
28,67,21,21.79792649,63.73086065,6.250994222999999,46.62370222,lentil
28,79,16,24.70626432,60.26854183,6.0521848810000005,53.12442925,lentil
40,61,22,20.94981756,65.8108757,7.002216044,44.23913012,lentil
10,70,19,24.84918386,68.98088448,7.272427638,41.61080544,lentil
12,80,19,21.91041045,65.21662467,5.962001484,36.10211371,lentil
37,77,20,25.93381964,68.70533022,7.080506001,51.02372773,lentil
0,67,22,29.82112112,69.4073209,6.5937983870000005,51.56461082,lentil
7,73,25,27.52185591,63.13215259,7.28805662,45.20841071,lentil
10,56,18,27.99627907,68.6428593,7.32710972,46.10585191,lentil
39,70,15,20.76774783,63.90164154,6.366355781,47.9271552,lentil
26,56,22,23.05276444,60.424786,7.011121216,52.60285259,lentil
9,77,17,21.65845777,63.58337146,6.280725549,38.07659414,lentil
4,59,19,26.25070298,67.62779652,7.621494566,40.8106299,lentil
34,73,15,20.97195263,63.83179889,7.630424082999999,53.10207889,lentil
33,77,15,23.89736406,66.32102048,7.802212437,40.74536757,lentil
91,94,46,29.36792366,76.24900101,6.149934034,92.82840911,banana
105,95,50,27.33368994,83.67675197,5.849076099,101.0494791,banana
108,92,53,27.40053601,82.96221306,6.276800323,104.9378,banana
86,76,54,29.3159075,80.11585705,5.926824754,90.10978128,banana
80,77,49,26.05433004,79.39654531,5.519088423,113.2297373,banana
93,94,53,25.86632408,84.42379269,6.079178787999999,114.5357503,banana
90,92,55,27.00932084,80.18546798,6.13465588,97.32531705,banana
108,89,53,29.55054817,78.06762846,5.808497603999999,99.34482238,banana
108,88,55,26.28845991,83.390039,5.891458107,113.8729798,banana
105,77,52,29.16226551,76.16151562,5.816622478999999,100.0075679,banana
118,88,52,28.65003945,82.68752542,5.8431631610000005,98.75084366,banana
101,87,54,29.07311132,76.50045221,6.376756632999999,100.1692639,banana
95,75,50,28.08166093,75.26429821,5.623615687000001,118.2761894,banana
106,85,53,27.1994597,78.80860679999998,5.91505509,99.72430835,banana
86,95,49,28.05484146,78.04602887,6.458714879,108.3957179,banana
83,79,55,25.14748006,83.34688193,5.565028635,98.66679427,banana
85,95,47,25.94019018,78.3422098,6.211833161,119.84797,banana
109,79,45,27.66752761,79.68542782,6.490074429,108.66464,banana
100,76,45,25.56703012,75.94067692,5.590236025,102.7867717,banana
117,86,48,28.6956201,82.54195839,6.225225238999999,116.1616839,banana
114,94,53,26.33544853,76.8532006,6.190757458999999,118.6858263,banana
110,78,50,25.93730186,78.89864446,5.915568968,98.21747528,banana
94,70,48,25.13686519,84.88394407,6.195152442,91.46442491,banana
80,71,47,27.50527651,80.79783998,6.156373499,105.0776992,banana
114,79,51,26.21009246,82.34429458,6.313197204,112.0700033,banana
88,78,45,29.10403455,79.19588629,6.324270089,92.07835761,banana
112,73,48,29.244063800000006,77.32017166,5.7074889870000005,90.66727868,banana
117,76,47,25.56202173,77.38229006,6.119216009,93.10247183,banana
111,87,48,26.3985515,81.36028902,5.571401169,98.16752001,banana
89,83,47,28.09577643,77.79586769,5.63127166,109.5408614,banana
93,91,47,27.84767901,83.31110751,6.101241579,117.2878912,banana
92,81,52,27.39341554,81.4654833,6.438137278999998,94.31102057,banana
105,74,45,25.14517635,81.38204104,6.098369122,119.218154,banana
102,71,48,28.65456263,79.28693687,5.695267822000001,102.4633775,banana
94,91,51,29.16093424,76.67484233,5.6180944460000015,109.575944,banana
116,71,47,27.57278064,82.0638878,6.435785799,91.34276507,banana
117,79,49,25.40909896,82.36208097,6.176644228,112.9794804,banana
119,72,55,25.99069521,83.33983116,6.220643671,112.0777152,banana
99,73,53,26.29039046,81.06003778,5.8717022110000014,118.6730366,banana
91,84,52,29.14827211,78.71024836,6.390741836,117.536781,banana
80,90,47,26.59743595,79.35898915,6.21084479,107.3944717,banana
101,70,48,25.36059237,75.03193255,6.012696655,116.5531455,banana
108,89,53,29.12036889,80.18080728,5.908770059,112.3982055,banana
100,80,52,27.53911354,77.25629897,6.049801781,110.3262123,banana
109,91,53,29.66727337,83.51014178,6.010095852999999,110.2511102,banana
82,78,46,25.05802193,84.97323747,5.738678895,110.4408803,banana
106,70,55,25.86824781,78.52399914,5.74055541,116.3019555,banana
90,86,52,25.85036988,81.95580471,5.793260262,119.08561709999998,banana
83,95,50,26.51682337,77.79913575,5.50947065,108.8547508,banana
119,90,48,28.66725136,79.59242542,5.986442306,118.2583441,banana
107,72,45,28.14938935,81.54448882,5.790768046,91.40508414,banana
116,81,55,26.42313317,83.69950440000002,5.915546415,95.12322062,banana
101,75,50,26.59386409,81.40740301,6.242528277999999,109.9825551,banana
93,81,50,27.71822477,76.57853189,6.0360792660000016,102.2099836,banana
95,75,45,28.98333432,82.95958244,5.829898502000001,109.022564,banana
107,71,55,29.42017919,83.96754496,6.088064451,117.229079,banana
83,94,47,27.39872329,81.10523402,6.469370954,112.1355384,banana
102,73,54,26.4020227,84.41007614,5.720726906,111.0162259,banana
86,79,45,27.81251452,82.69285419,5.80766417,99.20961514,banana
117,86,53,25.19640218,83.55829874,5.703381727999999,115.8586081,banana
111,79,53,28.31193338,75.77363772,6.165001277999999,119.695765,banana
95,74,50,25.90113128,80.47152737,6.002481605,110.10323,banana
91,75,55,27.48612983,76.11239849,6.212369363,109.2768851,banana
93,83,46,29.38254012,83.50423735,5.765308943,109.2486647,banana
92,85,51,29.22118628,81.08183635,5.740764682000001,108.8616474,banana
104,80,54,27.09062164,81.33506906,5.879119455,110.1331182,banana
103,72,51,26.12643374,81.81365007,6.099478745,104.4812858,banana
92,75,45,29.01207743,77.95192527,5.674403358999999,90.43495443,banana
93,85,49,27.96799119,79.28625709,5.694243847,119.4765557,banana
120,87,52,28.0764455,76.05522115,5.905494703,118.99235729999998,banana
108,72,46,25.16278237,84.97849241,6.110844721,90.94554618,banana
105,88,54,25.78749808,84.51194224,6.020445317,114.2005455,banana
98,79,50,25.34119774,84.47321314,6.435917308,91.06493353,banana
111,88,55,29.44795403,78.34971537,5.505393832999999,96.45042585,banana
97,74,45,26.47522633,78.51833782,5.677719902000001,113.1161095,banana
95,82,48,27.39489579,83.31172003,5.719014989,92.78133617,banana
89,91,55,25.08347445,80.26173100000003,6.275572297999999,94.32961456,banana
89,85,55,26.671983500000003,76.48541655,6.275384607,91.73358569,banana
118,88,51,25.44926208,79.49221962,6.201911642000001,100.6619171,banana
101,92,45,28.22776705,80.64303840000002,5.758054257,98.00403016,banana
99,92,47,28.127950899999995,77.48247073,6.3239336470000005,103.5045395,banana
82,77,46,28.9470467,82.1888998,5.901100841,95.83016448,banana
90,86,55,27.96236771,84.15403614,5.644486582000001,97.55986676,banana
95,88,52,28.00316034,78.90085998,6.235461772000001,94.68180316,banana
104,73,46,29.1400919,80.1190228,6.28236237,90.45142867,banana
102,73,52,27.9122104,83.36307683,6.356090905,90.24211529,banana
100,74,52,25.43480512,81.53977797,5.837258235,96.47800391,banana
94,89,48,28.55980972,84.51602322,5.653437902,111.0843029,banana
99,70,46,26.59580783,82.99556744,5.727469947,100.5123341,banana
112,87,48,27.19711623,77.39706290000002,6.200111067999999,99.46950465,banana
117,82,45,25.29391516,79.29122198,5.614471478,105.4220251,banana
96,86,51,29.90888522,76.98740841,6.257369799,91.99964712,banana
113,85,45,27.94972463,76.63713353,6.037430836,109.0921631,banana
105,93,46,25.01018457,78.76260938,5.760457558,108.3690513,banana
85,89,51,29.21144871,84.70189923,6.1581644220000005,108.5501443,banana
108,94,47,27.35911627,84.54625006,6.387431382999999,90.81250457,banana
92,81,52,28.0106804,76.52808057,5.891413895,103.7040783,banana
110,71,54,28.67208915,82.20793613,5.725418961,94.37987496,banana
82,75,55,27.34585147,78.48738349999998,6.281069505,92.15524332,banana
117,81,53,29.50704598,78.20585613,5.507641777999999,98.12565829,banana
2,40,27,29.73770045,47.54885174,5.954626604,90.09586854,mango
39,24,31,33.55695561,53.72979826,4.757114897,98.67527561,mango
21,26,27,27.00315545,47.67525434,5.6995869720000005,95.85118326,mango
25,22,25,33.56150184,45.53556603,5.977413802999999,95.70525913,mango
0,21,32,35.89855625,54.25964196,6.430139436,92.19721736,mango
20,19,35,34.17719782,50.62161586,6.113935087000001,98.00687989,mango
19,21,34,30.01592643,53.19212381,5.074272692,97.72843182,mango
18,17,31,31.74592134,45.16127859,5.667507706,93.75441586,mango
11,36,33,35.99009679,52.22780489,5.978634285,95.3713484,mango
30,28,30,31.86641378,52.19331595,5.064613314,98.46768642,mango
18,19,27,27.75518664,52.34605806,4.772385986000001,94.11213345,mango
23,23,27,34.72413192,51.4271781,5.161148592,97.31258083,mango
37,30,34,27.53907547,53.63549533,6.797779227,99.35408185,mango
11,27,30,27.69637763,48.56224879999999,6.39474303,89.85646496,mango
12,19,31,27.25373364,52.66319725,5.566704378,91.87312479,mango
3,28,33,30.33723921,48.88704844,5.755049971,94.42850522,mango
37,38,32,31.85744939,45.53106268,5.417340525,91.55845821,mango
26,37,30,35.39986338,49.45962621,6.166173833999999,97.41054011,mango
14,18,30,29.80747243,52.13797867,5.191265116,95.74606104,mango
40,16,35,34.16438906,54.16482251,4.954739564,98.33351125,mango
4,20,25,28.93270187,47.94053996,5.664587011,99.9834242,mango
36,25,33,27.98392787,53.33018851,5.548584852,99.61465679,mango
30,17,31,31.20478173,54.49960506,6.804437106,94.62954663,mango
28,37,28,32.13409675,50.52559148,6.097869767000001,98.63333684,mango
38,15,30,28.91862016,48.13974548,5.075504537,97.01331604,mango
12,37,30,31.09779147,47.41196659,4.546466109,90.28624348,mango
38,19,31,34.73823882,49.08864345,5.855119267999999,90.65022183,mango
8,33,29,29.98080499,49.48613279,6.442393461,91.82271568,mango
15,27,28,33.80398664,46.12866113,4.507523551,90.82549241,mango
34,16,25,30.07202564,50.96040505,6.10729559,92.09609766,mango
11,36,31,27.92063282,51.77965917,6.47544932,100.2585673,mango
33,29,34,31.40948821,49.21729127,6.832979508999999,92.99739415,mango
12,31,26,35.7877738,51.94190321,5.395275719,100.2160615,mango
12,34,28,33.36140093,45.02236377,6.13526938,98.81596545,mango
5,16,31,35.96054636,48.69677802,4.555688532,98.00644238,mango
1,30,29,28.33333307,51.39586505,6.4341977560000005,91.67241761,mango
16,35,31,32.27652024,50.19368841,5.316875978000001,95.99487068,mango
35,18,26,31.99490489,50.84881347,5.279388967,97.38741498,mango
4,40,26,27.58258929,48.56916221,6.720041791,95.8445641,mango
9,29,34,29.38471637,45.88744691,5.72742254,100.8124659,mango
2,38,33,32.38697531,53.2328243,4.691396195,90.21633216,mango
26,32,32,30.91471455,49.92963856,6.810186079,90.14047759,mango
34,38,31,35.37775595,45.58110023,6.454045329,97.41586402,mango
5,32,33,32.32362177,52.58967710000001,5.842763773,93.36718816,mango
31,29,26,28.22373428,47.40519056,5.024124683999999,97.76832322,mango
34,34,35,27.27433181,47.16808054,6.422710539,95.257992,mango
36,19,32,27.10710832,50.70880979,4.94295037,92.37238878,mango
7,17,26,34.89226666,48.75613373,6.414526606,91.63074547,mango
38,15,27,33.7462686,48.50387598,6.777788126,92.26439205,mango
5,19,25,27.351105600000004,54.43945147,6.441328044,96.27792547,mango
37,36,26,32.89300162,52.61323969,4.650536197,94.49161372,mango
21,31,32,35.38598705,51.42664176,5.254532213,90.29643888,mango
37,36,27,27.552973600000005,47.90859131,5.910634533,90.40332704,mango
23,23,30,32.82141065,47.45553843,4.755273631000001,90.89173106,mango
36,26,26,30.17294105,51.0845903,6.814630246,95.23444287,mango
24,33,35,29.26382931,54.82257868,5.342866119,100.7586226,mango
26,18,30,32.06097197,51.08494181,6.336234623999999,96.59816497,mango
22,17,26,28.69818144,47.71875722,4.754435025,99.642454,mango
11,34,32,29.14305008,49.40983294,6.831706773,97.55155537,mango
29,35,28,28.347161100000005,53.53903102,6.9674177660000005,90.40260445,mango
22,28,26,27.67256197,45.41692012,4.947683034,92.84991507,mango
23,24,32,28.1218093,46.16888595,5.630619901,93.30247448,mango
1,35,34,30.79375683,46.69536813,6.27339822,92.21318555,mango
2,24,34,28.89409382,54.80750249,6.472774648,94.76322976,mango
39,37,25,33.33024826,45.61143594,6.953246506,98.28583013,mango
15,36,27,27.78912455,53.96886679,5.6437102160000014,91.01152997,mango
3,18,31,31.65333432,48.20662669,6.392313972999999,91.09745581,mango
8,38,32,29.75150773,46.73723302,4.981816523,91.405983,mango
33,31,34,31.32995611,50.22287593,5.421265282999999,89.78216168,mango
14,29,32,35.63627319,48.97047762,6.942520105,97.51952041,mango
18,20,26,31.66524687,51.98594645,5.435840509,89.98024312,mango
9,21,32,32.26935342,53.56092806,5.870116071,95.94035356,mango
20,30,27,27.81005614,51.59445462,4.74910393,95.89898581,mango
9,38,25,34.58561471,50.34035336,5.497946899,100.3060719,mango
26,24,34,31.27180992,52.23810152,6.811291098,89.74409017,mango
31,36,29,33.93679864,52.72170281,6.460542749,97.4611918,mango
14,18,35,31.09154239,47.02058367,4.791146778,91.46664318,mango
40,16,35,31.89356292,49.02450149,6.4841522000000005,89.59371481,mango
28,27,34,32.45465292,50.69693751,6.526654345,95.04871605,mango
0,17,30,35.47478322,47.97230503,6.279133738,97.79072474,mango
1,29,29,27.32961444,49.30347234,6.052026047000001,93.53197359,mango
2,36,31,30.90225239,49.95955487,5.73171945,91.77522598,mango
12,27,26,29.09382275,45.5661059,5.32307197,96.23520043,mango
7,28,35,30.02086169,46.78393776,4.66910839,96.63721027,mango
0,36,26,34.13072188,51.25786185,5.101206389,96.38808001,mango
26,35,31,33.44619894,53.05980465,5.339556562,98.05089394,mango
27,21,30,35.3915464,52.48823147,5.061081874,91.22881052,mango
22,38,31,31.53356352,53.06009323,5.8211060360000015,98.57025046,mango
22,18,31,30.764551500000003,47.93791463,5.956027059,90.38503469,mango
28,23,28,30.01821337,50.09831810000001,5.676032581,96.08745082,mango
7,31,27,31.32863689,47.59319575,6.524114355,94.67344737,mango
29,34,26,33.88004781,54.39416048,6.2739536760000005,89.29147581,mango
8,37,33,28.07802689,54.9640534,6.128167757000001,97.45373619,mango
39,16,27,35.53845018,52.94641947,4.934964765,91.54560427,mango
40,24,25,28.70595247,50.44030129,5.445008416,95.8946444,mango
19,38,26,31.48451729,48.77926304,4.525722333,93.17221967,mango
21,21,30,27.69819273,51.41593238,5.403908327999999,100.7720705,mango
22,18,33,30.41235793,52.48100602,6.621623545,93.92375879,mango
31,20,30,32.17752026,54.01352682,6.207495815,91.88766069,mango
18,26,31,32.611261400000004,47.74916499,5.418475257000001,91.10190759,mango
61,68,50,35.21462816,91.49725058,6.7932454170000005,243.0745066,papaya
58,46,45,42.39413392,90.79028064,6.576261427,88.46607497,papaya
45,47,55,38.4191628,91.14220381,6.751452932,119.2653877,papaya
39,65,53,35.33294932,92.11508608,6.560743092999999,235.6133585,papaya
31,68,45,42.92325255,90.07600528,6.938313356,196.2408242,papaya
70,68,45,33.83508569,92.85470152,6.991626158,203.4044028,papaya
68,62,50,33.20258348,92.76437927,6.977700268,197.5282582,papaya
34,65,47,23.48546973,93.71043692,6.833768535,191.7760562,papaya
38,68,54,29.33710543,90.81781439,6.739170045,202.0572747,papaya
69,64,47,40.21199348,94.50766912,6.993473247000001,186.6762324,papaya
58,51,47,42.13473976,91.70445386,6.757470637000001,197.402901,papaya
59,47,53,32.86316618,91.4618874,6.8506632320000005,47.271547,papaya
44,64,54,29.80744318,91.38048469,6.74274935,232.7046126,papaya
56,57,48,31.56213762,93.0484859,6.506120752,63.62250788,papaya
69,60,54,36.32268069,93.06134398,6.98992719,141.1736926,papaya
56,58,49,37.13165026,94.60761797,6.69215564,172.47880619999995,papaya
49,55,53,38.4418717,93.63739039,6.544029776,77.71566883,papaya
38,51,52,32.66160599,90.78931681,6.927803911,78.85085502,papaya
54,65,47,27.92765919,91.55594211,6.721835879,149.91075569999995,papaya
57,57,51,39.01793345,91.48815629,6.99223441,105.8841531,papaya
39,52,53,32.51247398,94.65904123,6.704204398,51.07048113,papaya
58,67,45,38.72382798,91.72514851,6.702424548,62.62377075,papaya
61,64,52,43.30204933,92.83405443,6.641098708,110.562229,papaya
34,62,55,27.58548913,90.72526502,6.585346229,238.5008779,papaya
31,48,45,40.78881819,92.90951393,6.563134737,132.7923586,papaya
47,46,52,23.19451074,91.40301608,6.502289472999999,206.3999208,papaya
32,68,52,32.68067385,92.61715632,6.800321319,248.8592986,papaya
36,59,46,34.28879307,93.61082872,6.721130542999999,127.2509777,papaya
61,51,51,39.30050027,94.16193416,6.574677594,120.9512466,papaya
70,54,46,39.73149053,91.12220596,6.919342407,122.7628653,papaya
44,56,49,39.23342464,91.25589286,6.519779582999999,64.4478499,papaya
34,68,51,27.34734861,94.17756725,6.687088097999999,40.35153141,papaya
50,59,47,40.76998685,92.09278584,6.747975732,209.8678411,papaya
39,70,52,26.26559543,90.79668055,6.65149129,59.49373381,papaya
34,61,49,28.12971499,93.3210737,6.502675132,117.8201907,papaya
44,60,55,34.2804607,90.55561637,6.825371185,98.54047745,papaya
31,62,52,33.7960155,93.00754254,6.99104104,182.026807,papaya
65,62,51,31.53243779,90.87394933,6.5116248410000015,207.0735119,papaya
44,57,53,42.30495821,90.51431779,6.93172108,74.876786,papaya
50,47,48,24.63676897,90.61964344,6.712772332999999,218.2299187,papaya
43,50,48,28.28222883,91.37059792,6.63016515,179.27208069999998,papaya
60,46,53,24.48620746,92.98254537,6.761953186,183.49095,papaya
70,68,55,42.84609252,94.63548176,6.691202286,78.80996390000001,papaya
59,62,52,43.67549305,93.10887229,6.608667683999999,103.8235658,papaya
60,58,51,42.07213781,92.92203105,6.840802254,165.7412972,papaya
42,60,47,33.46873719,92.12746225,6.834808347999999,136.8277041,papaya
35,66,47,31.7018373,91.66232213,6.953439161,48.83810592,papaya
34,65,48,41.41968393,90.03863107,6.665024507999999,199.3096432,papaya
36,54,46,42.54744013,94.94482086,6.662875839,214.41038480000003,papaya
39,64,52,28.91842453,94.63676767,6.678695788,63.68794608,papaya
37,52,47,43.08022702,93.90305729,6.54277684,211.8529059,papaya
33,47,46,29.20300896,93.96834049,6.839443833,209.4083305,papaya
34,48,48,41.04224355,91.37258067,6.805277038,181.527598,papaya
49,54,50,25.62446619,93.18240298,6.762522087000001,97.26336657,papaya
40,65,49,35.32876402,91.06138506,6.678449317999999,163.9069365,papaya
68,52,49,24.42561272,92.27749066,6.577192175,63.35298768,papaya
50,46,52,31.18298415,90.21646909,6.734005647999999,54.01872359,papaya
65,63,50,31.88342554,91.3256535,6.524459342,79.27201575,papaya
40,49,47,42.93368602,91.1756748,6.501521192,246.36132680000003,papaya
42,53,48,23.11407669,94.31994776,6.758479569,231.5153161,papaya
49,55,51,24.87212063,93.90560147,6.676578778,135.16945249999998,papaya
59,62,49,43.36051537,93.35191636,6.941496806,114.778071,papaya
63,58,47,26.83054058,90.75379971,6.864143752,144.66564440000005,papaya
70,65,52,30.42012134,93.12659793,6.583528529,75.95295,papaya
63,50,52,28.64555584,93.22642604,6.751747609,115.8163936,papaya
40,64,47,32.50037548,93.47888842,6.893509446,71.73759526,papaya
63,58,50,43.03714283,94.6428898,6.720744449,41.5856585,papaya
45,58,49,30.10773379,90.34546355,6.827812549,75.24521981,papaya
66,69,47,23.69212243,93.61055571,6.912299695,87.53393983,papaya
54,67,52,35.67667332,93.30641944,6.586107335,141.3381168,papaya
69,67,52,27.71948962,94.43877142,6.827305908,82.83061083,papaya
67,68,49,35.26824831,92.38282957,6.821774589,149.8488208,papaya
45,57,47,23.16855863,90.78821158,6.656458831,161.68920930000004,papaya
56,50,52,33.08706051,92.25197542,6.770384816,88.1300769,papaya
70,50,53,37.4620912,90.44967809,6.933809742999999,172.3458448,papaya
44,47,45,38.73218907,94.73613484,6.579441304,218.142147,papaya
50,60,47,32.57720726,92.74889453,6.92791761,93.7942847,papaya
52,51,53,38.38231475,93.10378595,6.985804083,210.2735346,papaya
35,68,45,42.93605359,90.09448142,6.612429546,234.8466111,papaya
68,69,52,25.65492304,92.74501561,6.813383387000001,52.95477913,papaya
32,55,52,37.58899717,91.99740365,6.967759599999999,159.6577388,papaya
32,55,51,29.60718808,93.15642801,6.57398033,62.68710535,papaya
48,62,47,25.34756111,93.02871078,6.803094965,174.40123369999995,papaya
39,69,53,25.9300384,93.02357765,6.964955435,241.8202079,papaya
49,61,45,32.76795887,94.57377401,6.764213299,240.4795923,papaya
48,57,54,29.02328049,90.20396783,6.617703177999999,126.8069869,papaya
69,66,49,40.00439101,90.17015833,6.52711001,92.11877372,papaya
53,55,55,33.32315744,91.25271223,6.709668804,234.496633,papaya
38,61,52,31.22790131,94.94021378,6.620729882000001,46.44279118,papaya
57,64,55,26.68386496,92.9585411,6.583760498999999,62.50689682,papaya
51,57,55,24.70528368,90.14732171,6.6764073370000006,108.4103158,papaya
56,65,45,38.2016825,93.97379963,6.751298936,218.09088140000003,papaya
54,66,52,36.56769731,93.79503425,6.867554147000001,104.4218596,papaya
58,55,47,26.05375792,93.69111672,6.7424900270000006,240.6863901,papaya
68,70,54,31.29986342,92.76039164,6.986228647000001,54.77830202,papaya
42,59,55,40.10207731,94.35110201,6.979102243,149.1199989,papaya
43,64,47,38.58954491,91.58076549,6.8256647820000005,102.2708231,papaya
35,67,49,41.31330062,91.1508798,6.617066674,239.7427554,papaya
56,59,55,37.03551903,91.79430166,6.551892637999999,188.5181422,papaya
39,64,53,23.012401800000006,91.07355541,6.598860305,208.3357976,papaya
89,47,38,25.52468965,72.24850829,6.002524871,151.8869972,jute
60,37,39,26.59104992,82.94164078,6.033485257000001,161.2469997,jute
63,41,45,25.29781791,86.88705350000002,7.121933578999999,196.6249511,jute
86,40,39,25.72100868,88.16513579,6.207459637,175.60866969999995,jute
96,41,40,23.58419277,72.00460848,6.090060478,190.4242157,jute
100,35,36,25.31042337,72.01364411,6.346715209,190.5577618,jute
63,37,43,23.41798979,85.08640476,6.661957897000001,185.7446728,jute
70,43,40,24.35564134,88.80391021,6.176860192,169.11680280000004,jute
67,55,44,26.284017,75.14640198,7.251847296,182.2685447,jute
74,40,40,25.13842773,83.12053888,6.386259977999999,169.33884650000005,jute
89,53,44,24.88692811,71.91711523,7.319735475,150.2498675,jute
74,46,45,25.75734909,88.36668522,6.025028997000001,189.4263485,jute
89,41,38,23.12844351,74.68322732,6.344751947000001,199.83629130000003,jute
60,55,40,24.9949957,88.95692783,7.02777956,151.4935635,jute
67,43,38,25.21622704,70.88259632,7.299304715,195.8645552,jute
70,38,35,24.39736241,79.26861738,7.014063944,164.2697011,jute
74,49,38,23.31410442,71.4509053,7.4880144039999985,164.49703730000004,jute
90,40,39,25.72668885,81.86171563,6.626503893,191.9649389,jute
82,35,44,26.96656378,78.21047693,6.239011,169.8391177,jute
73,45,37,23.70467146,74.63745355,6.742688094,181.2783964,jute
85,53,38,24.90075709,73.84186449,6.588017308,153.8990984,jute
81,56,36,23.39605743,72.60512854,7.097586415,174.78764109999997,jute
84,55,38,26.8748389,79.78725152,6.956682742999999,173.1017097,jute
80,45,42,23.1426498,74.99739774,7.380396262,151.9035477,jute
76,54,45,24.29496635,77.62976013,6.176618831,184.9800516,jute
76,56,39,24.39459498,89.89106506,6.551130445,197.1220049,jute
81,40,45,25.7629429,80.76238215,6.427726565,174.5071843,jute
76,44,45,25.4879684,84.48235878,6.740947635,168.7848886,jute
69,47,40,25.37122686,76.2403666,6.130136384,183.8270791,jute
82,40,45,26.21312799,81.70476368,6.667633355,180.1237765,jute
69,57,35,24.30748599,78.54340987,6.1868143920000005,186.2337571,jute
81,36,38,23.76554749,87.98329901,6.334837865,150.31661519999997,jute
67,60,38,24.79853023,78.53037059,7.16214284,162.2847429,jute
72,51,40,23.20683504,74.09956958,7.422318499,199.4766779,jute
65,39,45,23.66805429,70.89000744,6.768001309,184.4633281,jute
78,50,43,25.12417673,85.72530641,6.348441469,159.5718087,jute
77,52,41,23.89069041,83.46409075,6.097294061,167.72306319999996,jute
89,52,42,23.09433785,81.45139295,6.14132902,196.6587013,jute
62,49,37,24.21744605,82.85284045,7.479248124,166.13658859999995,jute
90,48,45,24.06475727,71.31342851,6.509174788999999,153.63902119999997,jute
66,47,36,24.85441411,74.44070479999998,6.57256106,175.572958,jute
80,52,39,26.41915161,76.85691248,7.165696848,197.2101782,jute
89,52,45,24.89326318,77.01222585,7.207457207999999,196.469984,jute
77,51,44,23.25583402,82.7015932,7.124333547000001,166.2160846,jute
94,37,41,24.7634518,87.06071115,6.4635387070000005,179.1630865,jute
75,41,35,24.97042599,78.62697699,6.856833064,166.6415254,jute
60,55,36,26.12797248,80.49172597,7.132389299,150.6326874,jute
62,56,35,25.97825807,81.65769588,6.235357637999999,163.3488091,jute
84,40,42,26.2830571,73.35763537,6.704273839,186.6898282,jute
100,56,40,26.38905406,83.31240346,7.433313409,176.1516409,jute
75,56,44,25.2746335,73.7459581,6.109478059,168.0432282,jute
78,46,42,23.09499564,78.45959697,7.095413294,155.3851533,jute
82,48,36,25.79351957,81.76904006,6.352076782999999,193.2418382,jute
100,58,41,23.17403323,87.88255345,6.6587699910000016,160.6217342,jute
88,50,40,25.63215038,79.95150917,7.0518224720000005,182.2582277,jute
67,41,40,25.84879500000001,87.81661683,7.333143205,152.6194403,jute
72,42,43,26.56767277,80.90424543,6.352771037,181.2915605,jute
89,40,43,26.24532085,72.97198375,7.124050134,189.9711184,jute
89,57,43,26.91515043,73.19897535,6.998787171,177.22330480000005,jute
61,41,44,24.36972377,82.11319791,6.537914957999999,159.92109340000005,jute
79,45,43,25.71901283,79.15532398,7.171054239,187.1735424,jute
84,40,43,25.01157559,88.33130229999998,7.228268227999999,169.4168014,jute
98,43,35,25.40785911,76.44048625,7.319952206,188.6372826,jute
75,36,44,23.28081,74.27607475,6.613341342999999,153.7447398,jute
89,58,35,23.98651719,82.09053379,6.096838784,167.0576456,jute
91,41,37,24.48556447,83.20630007,6.132570522999999,192.2316221,jute
77,48,36,25.86705009,84.09985284,7.36008498,154.83908469999997,jute
66,58,35,23.5643831,79.46283115,7.321619041,185.25947,jute
62,59,41,24.2248758,74.89465426,7.175170657000001,192.4931257,jute
82,35,35,25.49386782,86.97061481,7.299076163,176.5268267,jute
61,41,35,24.97178693,79.47557931,6.842966478999998,195.7571622,jute
99,57,38,24.80624984,82.09281674,6.356295567999999,156.3616174,jute
70,42,43,23.16814977,76.66724969,6.508342839,157.1215052,jute
90,59,35,24.25133493,89.86454053,7.098227926,175.1742112,jute
73,43,42,26.58361011,78.00774772,6.310699968,154.8238864,jute
67,46,44,26.82489244,78.20392774,7.093328631,153.91998069999997,jute
84,37,42,25.49674786,81.13449097,6.691074249,169.92882340000003,jute
72,41,36,24.09874353,80.57226761,6.187746776,176.8604109,jute
71,56,37,23.18866654,86.20899734,6.491506245,176.103677,jute
64,53,38,26.24347471,78.51063754,6.855362875,183.4065252,jute
65,54,39,23.75091572,71.14782585,7.124571593,160.0889553,jute
60,58,37,26.13871511,79.1188943,6.067302109,171.4892533,jute
86,39,43,26.14576648,71.23690851,6.432051512,193.1007598,jute
90,50,44,26.91643698,73.48655995,6.253408852000001,171.4716375,jute
91,38,36,26.5232969,77.17331847,7.287318722999999,157.8548562,jute
87,48,38,23.81579631,80.94023552,7.161865733,190.312216,jute
72,41,36,26.50838667,86.84264005,6.065898282999999,152.9801697,jute
71,54,35,26.63952463,70.95705996,7.311077075,199.3355744,jute
82,46,41,23.325013100000003,79.79609448,6.581693772,187.3096148,jute
71,52,43,26.47549543,73.96164569,6.732826127,180.2513601,jute
80,43,43,23.78756036,74.36794079,6.014572075,172.64426540000005,jute
77,55,43,25.49941707,75.99987588,6.663559451,193.71418280000003,jute
95,57,41,23.24925555,73.65346838,6.434610995,184.7674863,jute
63,47,35,26.98582182,89.05587886,7.432768147000001,193.8778713,jute
93,43,38,23.61475336,86.14290267,6.987332927000001,150.2355238,jute
87,44,43,23.87484465,86.79261344,6.718725189,177.5147313,jute
88,52,39,23.92887902,88.07112278,6.880204617,154.6608736,jute
90,39,37,24.81441246,81.68688879,6.86106911,190.7886386,jute
90,39,43,24.44743944,82.286484,6.7693455,190.9684885,jute
84,38,43,26.57421679,73.81994896,7.26158085,159.3223075,jute
78,45,40,26.54,82.15,6.21,215.43,joha_rice
85,52,42,24.12,85.67,6.05,240.12,joha_rice
62,48,39,28.34,88.9,5.85,265.88,joha_rice
91,55,44,25.67,81.23,6.72,210.55,joha_rice
74,41,41,27.89,84.56,6.45,225.1,joha_rice
88,58,43,23.45,89.12,5.9,250.6,joha_rice
65,46,38,26.11,83.45,6.1,230.75,joha_rice
82,50,45,28.9,86.78,6.6,218.4,joha_rice
70,43,40,24.78,80.89,5.75,260.25,joha_rice
94,59,42,27.34,87.34,6.3,245.9,joha_rice
76,47,39,25.12,82.9,6.15,205.3,joha_rice
89,54,44,28.56,88.45,6.55,255.8,joha_rice
61,42,41,23.9,84.12,5.65,220.45,joha_rice
84,51,43,26.78,81.78,6.4,235.15,joha_rice
72,49,38,27.45,89.56,6.0,268.7,joha_rice
93,56,45,24.34,85.23,6.65,212.9,joha_rice
68,44,40,28.12,83.89,5.8,248.35,joha_rice
87,53,42,25.89,87.67,6.25,228.6,joha_rice
79,57,44,26.45,80.45,6.7,252.1,joha_rice
64,40,39,23.67,88.12,5.95,208.85,joha_rice
81,48,41,27.9,86.34,6.35,262.4,joha_rice
90,55,43,24.56,82.56,6.1,216.75,joha_rice
75,46,40,28.78,85.89,6.5,242.2,joha_rice
86,52,45,25.34,81.12,5.7,232.5,joha_rice
63,41,38,26.89,89.78,6.8,258.95,joha_rice
92,58,42,23.12,84.45,6.05,202.15,joha_rice
71,45,44,27.56,87.12,6.45,266.3,joha_rice
83,49,39,24.89,80.67,5.85,222.8,joha_rice
67,54,41,28.45,85.45,6.2,246.65,joha_rice
95,60,43,26.23,88.89,6.6,214.5,joha_rice
77,43,40,25.78,83.23,5.9,238.9,joha_rice
80,51,45,27.12,86.56,6.35,254.25,joha_rice
66,47,38,24.45,81.89,6.75,206.7,joha_rice
88,56,42,28.89,89.34,6.15,264.85,joha_rice
73,42,44,23.56,84.78,5.65,226.4,joha_rice
91,50,39,26.67,82.45,6.55,244.1,joha_rice
69,57,41,25.23,87.89,6.0,218.6,joha_rice
85,44,43,27.78,80.12,6.4,256.35,joha_rice
78,53,40,24.12,85.56,5.8,234.8,joha_rice
62,48,45,28.56,88.23,6.25,209.25,joha_rice
94,59,38,26.45,83.67,6.7,261.5,joha_rice
74,41,42,23.89,86.12,6.1,224.95,joha_rice
82,55,44,27.34,81.45,5.75,250.4,joha_rice
65,46,39,25.67,89.89,6.65,212.15,joha_rice
89,52,41,28.23,84.34,6.05,248.7,joha_rice
70,43,43,24.45,82.78,6.5,268.2,joha_rice
93,58,40,26.89,87.56,5.95,230.65,joha_rice
76,49,45,27.56,80.89,6.3,204.4,joha_rice
61,40,38,25.12,85.12,6.8,258.1,joha_rice
87,56,42,23.78,88.67,6.2,220.85,joha_rice
84,45,44,28.45,83.23,5.7,242.5,joha_rice
68,51,39,26.23,86.45,6.45,266.95,joha_rice
79,54,41,24.89,81.67,6.15,214.3,joha_rice
92,42,43,27.12,89.12,6.6,252.75,joha_rice
72,47,40,25.45,84.56,5.85,236.2,joha_rice
64,59,45,28.78,82.89,6.35,208.65,joha_rice
81,44,38,23.23,87.34,6.75,264.4,joha_rice
90,53,42,26.56,80.45,6.0,228.15,joha_rice
75,41,44,24.12,85.78,6.55,246.5,joha_rice
86,48,39,27.89,88.45,5.65,210.95,joha_rice
63,55,41,25.67,83.12,6.25,256.8,joha_rice
77,46,43,28.34,86.67,6.7,238.45,joha_rice
83,50,40,23.45,81.89,5.9,202.6,joha_rice
67,52,45,26.78,89.56,6.4,260.1,joha_rice
95,43,38,24.56,84.23,6.1,222.55,joha_rice
71,58,42,27.45,87.67,6.8,240.2,joha_rice
80,49,44,25.89,82.45,5.75,216.4,joha_rice
66,42,39,28.12,85.89,6.3,268.85,joha_rice
88,57,41,26.34,80.67,6.65,234.3,joha_rice
73,45,43,24.78,88.12,5.85,254.75,joha_rice
91,54,40,27.9,83.56,6.2,206.5,joha_rice
69,41,45,25.23,86.89,6.5,248.95,joha_rice
85,48,38,23.89,81.12,5.95,226.15,joha_rice
78,56,42,26.45,89.45,6.45,262.6,joha_rice
62,44,44,28.67,84.78,6.15,218.85,joha_rice
94,51,39,24.12,87.23,6.75,242.4,joha_rice
74,59,41,27.34,82.56,5.7,204.25,joha_rice
82,46,43,25.56,85.12,6.35,258.55,joha_rice
65,53,40,28.89,80.89,6.6,232.7,joha_rice
89,42,45,23.23,88.67,6.05,212.35,joha_rice
70,50,38,26.78,83.34,6.55,266.5,joha_rice
93,47,42,24.45,86.78,5.8,224.8,joha_rice
76,55,44,27.12,81.45,6.25,244.65,joha_rice
61,43,39,25.89,89.12,6.7,208.45,joha_rice
87,58,41,28.45,84.56,6.1,250.9,joha_rice
84,41,43,26.12,87.89,5.65,236.15,joha_rice
68,49,40,23.67,82.12,6.4,214.75,joha_rice
79,52,45,27.78,85.67,6.8,264.2,joha_rice
92,46,38,25.34,80.23,5.95,228.6,joha_rice
72,57,42,28.12,88.45,6.5,246.35,joha_rice
64,44,44,24.89,83.89,6.0,202.95,joha_rice
81,51,39,26.45,86.12,6.35,260.55,joha_rice
90,56,41,25.12,81.78,6.65,238.1,joha_rice
75,42,43,28.67,89.34,5.75,216.85,joha_rice
86,48,40,23.45,84.56,6.2,254.4,joha_rice
63,59,45,27.34,87.23,6.75,222.3,joha_rice
77,45,38,24.56,82.89,5.85,268.5,joha_rice
83,53,42,26.89,85.45,6.45,210.2,joha_rice
67,41,44,25.78,80.12,6.15,248.65,joha_rice
95,50,39,28.23,88.67,6.55,230.45,joha_rice
72,53,71,28.18,88.4,4.77,317.58,assam_tea
72,48,77,27.49,85.13,5.34,215.66,assam_tea
72,40,74,27.65,80.52,4.82,301.34,assam_tea
104,50,66,23.2,79.09,5.0,242.04,assam_tea
82,49,68,24.02,86.93,4.66,275.49,assam_tea
81,47,80,25.59,81.74,4.96,260.11,assam_tea
86,58,61,28.01,76.87,4.56,270.33,assam_tea
96,41,65,23.1,82.8,5.04,243.78,assam_tea
94,51,78,24.88,76.54,5.21,206.65,assam_tea
81,53,75,29.8,87.24,4.54,317.38,assam_tea
86,43,64,21.16,86.33,4.86,344.9,assam_tea
108,46,83,24.8,86.91,5.26,266.75,assam_tea
88,51,89,27.61,78.43,5.11,335.65,assam_tea
97,49,61,20.63,78.49,5.34,277.71,assam_tea
94,51,72,26.05,78.26,5.24,270.42,assam_tea
90,47,80,22.06,79.64,5.23,214.91,assam_tea
93,58,80,22.39,82.86,5.36,336.08,assam_tea
103,56,80,20.75,80.96,5.33,284.99,assam_tea
103,51,85,26.72,79.77,5.17,227.3,assam_tea
78,43,60,24.43,78.61,5.2,278.23,assam_tea
104,45,88,25.95,79.55,5.41,264.72,assam_tea
94,41,71,21.93,80.44,5.34,336.46,assam_tea
87,53,61,29.69,83.58,5.31,305.54,assam_tea
92,40,89,26.11,81.28,4.57,200.47,assam_tea
91,49,89,20.42,77.86,5.23,216.94,assam_tea
107,52,62,25.03,88.05,5.26,265.28,assam_tea
78,55,63,28.19,78.47,5.15,280.34,assam_tea
102,55,68,25.78,81.66,4.89,206.65,assam_tea
100,51,70,21.34,85.87,5.36,279.31,assam_tea
86,42,85,24.32,76.2,5.49,274.59,assam_tea
89,58,75,24.47,77.74,5.21,239.69,assam_tea
104,42,72,20.76,84.74,5.15,270.7,assam_tea
91,48,79,24.06,79.33,5.24,270.21,assam_tea
72,49,67,20.38,85.1,5.16,344.01,assam_tea
99,51,87,25.78,79.09,4.96,258.12,assam_tea
71,44,63,25.51,75.9,5.02,297.69,assam_tea
100,53,71,23.01,75.5,4.96,302.93,assam_tea
106,59,64,21.92,85.43,5.26,331.97,assam_tea
106,59,74,24.19,78.8,5.24,260.12,assam_tea
70,46,86,24.36,87.81,5.03,260.09,assam_tea
96,56,86,22.47,83.9,4.51,324.11,assam_tea
81,50,88,28.62,77.59,4.55,220.22,assam_tea
82,59,70,29.61,82.57,5.24,240.61,assam_tea
105,57,89,26.72,77.25,4.72,313.06,assam_tea
81,58,79,28.56,86.01,5.02,316.17,assam_tea
88,56,89,25.26,82.93,5.01,257.44,assam_tea
83,46,62,22.91,89.86,5.11,250.79,assam_tea
74,51,73,23.93,80.68,5.49,343.82,assam_tea
86,45,83,26.78,82.42,5.18,318.84,assam_tea
83,57,68,22.17,82.19,5.22,227.05,assam_tea
73,51,82,29.57,89.16,5.23,219.36,assam_tea
92,41,83,27.2,80.71,5.35,317.8,assam_tea
79,59,78,27.1,82.61,5.04,232.5,assam_tea
78,42,79,25.58,75.81,5.23,305.68,assam_tea
92,59,60,23.23,87.25,4.95,342.38,assam_tea
103,54,67,21.39,85.54,5.45,269.86,assam_tea
103,41,62,24.6,78.51,5.11,216.84,assam_tea
91,50,77,28.82,77.31,4.85,241.68,assam_tea
84,46,71,20.45,87.08,5.28,332.71,assam_tea
100,57,67,23.42,80.46,5.06,310.56,assam_tea
97,43,87,27.52,85.09,5.49,231.35,assam_tea
80,54,83,25.33,84.16,4.57,244.66,assam_tea
79,54,85,22.05,81.5,5.48,300.23,assam_tea
89,48,85,28.64,83.54,4.71,310.81,assam_tea
105,46,89,22.99,77.18,4.59,348.31,assam_tea
104,42,82,28.71,78.58,4.88,285.21,assam_tea
92,56,87,20.19,81.19,5.12,317.84,assam_tea
84,46,60,27.84,82.95,5.42,250.39,assam_tea
73,45,65,23.0,78.39,5.31,218.89,assam_tea
102,55,75,28.9,75.62,4.55,208.56,assam_tea
94,59,63,26.47,88.35,5.38,216.27,assam_tea
107,53,66,29.93,89.0,5.49,257.49,assam_tea
86,48,73,25.66,82.98,5.46,291.43,assam_tea
106,56,67,20.8,76.18,4.59,277.87,assam_tea
103,45,74,28.76,84.74,5.3,325.52,assam_tea
72,42,81,28.86,86.76,5.25,266.77,assam_tea
91,42,72,28.89,77.37,4.62,204.76,assam_tea
103,54,83,28.68,75.99,5.35,333.47,assam_tea
78,55,87,21.25,79.4,5.36,255.85,assam_tea
105,44,78,22.39,89.77,5.39,300.82,assam_tea
83,50,66,20.28,85.54,4.84,259.51,assam_tea
106,40,77,29.69,77.62,4.75,330.82,assam_tea
80,54,77,21.49,81.73,5.24,210.71,assam_tea
91,54,76,22.61,80.85,4.54,287.06,assam_tea
108,48,66,23.3,76.39,4.78,239.34,assam_tea
84,60,84,20.93,77.05,4.56,281.56,assam_tea
75,57,71,28.35,84.85,4.97,236.29,assam_tea
79,53,85,24.34,89.27,5.13,282.29,assam_tea
107,49,78,20.94,89.18,5.08,254.2,assam_tea
110,56,86,28.03,87.69,5.0,255.82,assam_tea
103,50,77,27.88,81.51,5.38,238.39,assam_tea
89,41,75,25.36,82.22,4.72,234.28,assam_tea
83,41,61,29.21,80.41,4.51,344.54,assam_tea
72,48,74,28.88,75.47,4.78,241.18,assam_tea
94,58,74,25.09,77.92,4.77,247.46,assam_tea
86,57,88,25.17,82.31,4.62,333.7,assam_tea
94,44,60,27.49,76.24,4.63,236.37,assam_tea
95,48,73,22.8,82.45,5.21,286.34,assam_tea
88,46,60,25.26,89.54,4.61,349.39,assam_tea
77,55,62,27.41,87.4,5.32,279.27,assam_tea
43,64,46,25.71,75.58,5.97,247.02,bhut_jolokia
44,65,44,25.98,73.99,5.65,213.97,bhut_jolokia
53,69,51,28.82,70.65,5.78,150.29,bhut_jolokia
46,66,49,26.92,71.64,6.17,248.64,bhut_jolokia
59,59,50,29.3,80.74,5.74,249.68,bhut_jolokia
51,64,47,30.57,78.15,6.39,162.89,bhut_jolokia
47,55,45,29.48,77.99,5.67,156.35,bhut_jolokia
45,51,45,28.07,82.19,6.22,196.38,bhut_jolokia
53,69,60,31.18,81.16,6.13,202.57,bhut_jolokia
46,69,59,31.4,70.84,5.84,153.02,bhut_jolokia
60,70,50,27.41,82.66,6.05,246.24,bhut_jolokia
48,66,41,31.0,77.38,6.48,163.03,bhut_jolokia
42,51,60,31.92,76.27,6.39,237.47,bhut_jolokia
49,68,55,27.52,72.72,6.13,235.52,bhut_jolokia
49,67,60,28.3,84.1,6.33,175.25,bhut_jolokia
55,70,58,28.3,76.97,6.19,239.57,bhut_jolokia
50,67,58,31.84,78.08,5.58,190.04,bhut_jolokia
59,51,41,29.77,81.03,6.31,198.57,bhut_jolokia
46,62,59,31.96,75.34,6.31,163.02,bhut_jolokia
50,60,46,27.04,83.61,5.88,244.9,bhut_jolokia
52,60,44,32.0,78.37,5.96,162.53,bhut_jolokia
44,68,49,28.05,74.52,6.18,168.71,bhut_jolokia
51,58,52,27.06,78.5,5.75,190.23,bhut_jolokia
58,55,47,26.02,76.78,5.56,192.93,bhut_jolokia
57,64,49,31.98,84.58,6.41,191.95,bhut_jolokia
42,65,51,27.25,79.54,5.66,159.67,bhut_jolokia
48,63,58,28.84,79.04,5.78,237.42,bhut_jolokia
46,56,56,25.76,79.11,6.16,246.92,bhut_jolokia
45,52,57,25.03,70.52,5.63,204.56,bhut_jolokia
53,54,47,28.92,82.3,6.31,172.11,bhut_jolokia
45,53,44,30.41,74.1,5.86,205.72,bhut_jolokia
54,53,60,29.42,75.59,5.53,164.27,bhut_jolokia
54,58,41,30.83,84.63,5.88,170.38,bhut_jolokia
40,54,60,30.93,74.24,6.45,186.01,bhut_jolokia
45,64,45,27.78,77.56,6.28,213.72,bhut_jolokia
52,57,55,26.56,82.5,6.26,217.07,bhut_jolokia
41,57,50,25.48,80.51,5.53,167.27,bhut_jolokia
44,68,59,29.93,80.35,6.13,185.56,bhut_jolokia
58,68,49,31.51,77.83,6.22,167.78,bhut_jolokia
56,63,49,25.27,81.77,5.93,245.7,bhut_jolokia
41,62,43,26.35,84.87,5.66,220.21,bhut_jolokia
57,52,54,30.43,77.33,6.41,228.6,bhut_jolokia
57,59,43,25.17,80.96,6.38,166.13,bhut_jolokia
42,65,49,29.09,80.82,5.84,171.81,bhut_jolokia
57,51,51,26.9,77.77,6.25,200.19,bhut_jolokia
56,55,45,28.54,74.53,5.83,208.36,bhut_jolokia
59,64,45,26.7,74.77,5.79,178.59,bhut_jolokia
57,66,60,29.67,82.44,5.89,233.42,bhut_jolokia
54,57,49,30.85,71.48,5.95,175.22,bhut_jolokia
56,58,57,30.01,76.22,5.84,205.54,bhut_jolokia
50,62,60,27.98,82.06,5.67,192.81,bhut_jolokia
54,63,55,26.48,81.12,5.73,205.71,bhut_jolokia
42,61,49,29.19,73.42,6.11,161.96,bhut_jolokia
52,61,42,30.35,75.14,6.49,152.64,bhut_jolokia
45,62,44,29.03,77.73,6.14,150.72,bhut_jolokia
56,51,52,27.71,77.17,5.84,177.01,bhut_jolokia
57,53,59,28.21,83.22,6.03,195.96,bhut_jolokia
50,67,45,27.41,78.31,5.65,249.97,bhut_jolokia
49,57,53,25.89,82.64,6.16,159.4,bhut_jolokia
45,70,45,25.51,77.47,6.09,172.94,bhut_jolokia
48,55,42,25.42,74.23,5.79,174.21,bhut_jolokia
57,63,60,25.12,74.18,5.71,209.64,bhut_jolokia
58,60,47,28.51,78.4,6.24,162.6,bhut_jolokia
56,57,42,29.34,84.35,5.59,171.36,bhut_jolokia
54,62,53,28.71,75.93,6.33,162.87,bhut_jolokia
60,61,41,27.49,76.25,6.01,150.12,bhut_jolokia
51,69,58,28.23,74.8,6.42,154.67,bhut_jolokia
52,70,59,31.7,71.35,6.15,220.42,bhut_jolokia
53,68,48,29.5,71.96,5.68,245.72,bhut_jolokia
44,69,58,26.67,81.65,5.58,203.8,bhut_jolokia
51,66,58,30.89,70.83,5.88,231.57,bhut_jolokia
52,67,52,25.7,75.82,6.29,178.19,bhut_jolokia
42,64,45,26.94,82.74,6.08,164.77,bhut_jolokia
52,63,53,29.41,83.28,6.44,244.87,bhut_jolokia
56,58,51,27.24,75.23,6.24,154.18,bhut_jolokia
57,66,53,29.87,78.72,6.13,173.31,bhut_jolokia
40,66,57,27.8,78.84,5.93,193.45,bhut_jolokia
60,57,51,29.35,74.21,6.25,175.87,bhut_jolokia
50,64,57,27.07,79.23,5.54,178.38,bhut_jolokia
53,52,44,29.43,84.02,6.42,179.21,bhut_jolokia
51,61,59,29.12,73.13,5.61,236.69,bhut_jolokia
51,58,40,31.7,84.9,5.98,247.0,bhut_jolokia
53,62,53,25.84,71.58,5.74,192.05,bhut_jolokia
48,50,54,26.68,81.81,6.26,213.34,bhut_jolokia
58,50,51,26.85,78.95,5.94,171.63,bhut_jolokia
51,58,45,29.16,80.25,6.16,171.09,bhut_jolokia
58,62,46,30.69,78.3,5.93,173.41,bhut_jolokia
54,70,59,28.83,71.55,5.65,205.14,bhut_jolokia
54,69,48,28.55,76.31,6.42,186.64,bhut_jolokia
48,70,59,25.31,71.65,5.67,183.69,bhut_jolokia
59,59,49,30.64,77.42,5.53,247.04,bhut_jolokia
59,67,49,31.21,71.23,6.22,229.69,bhut_jolokia
41,58,47,28.81,81.88,5.88,153.42,bhut_jolokia
51,54,58,28.99,79.11,5.54,197.24,bhut_jolokia
49,70,51,30.62,84.71,6.46,182.81,bhut_jolokia
40,59,49,29.84,75.74,6.47,181.94,bhut_jolokia
43,64,55,25.81,73.67,5.79,222.81,bhut_jolokia
47,61,58,26.97,70.55,5.73,193.97,bhut_jolokia
58,61,40,29.73,81.45,5.56,203.84,bhut_jolokia
40,58,59,31.43,84.48,6.23,224.54,bhut_jolokia
60,43,49,25.73,71.14,5.58,229.78,kaji_nemu
61,49,53,25.74,64.15,6.34,189.79,kaji_nemu
60,49,44,27.05,62.19,6.29,191.39,kaji_nemu
62,39,41,29.22,75.39,6.43,193.06,kaji_nemu
57,48,42,27.17,67.29,5.99,215.77,kaji_nemu
55,39,55,26.93,66.55,5.64,222.08,kaji_nemu
56,31,44,23.22,75.85,6.29,210.55,kaji_nemu
50,33,48,28.18,79.87,6.25,234.45,kaji_nemu
63,50,50,24.91,62.55,6.07,170.42,kaji_nemu
54,49,53,26.5,71.43,5.59,160.17,kaji_nemu
51,36,53,26.68,72.32,5.96,180.57,kaji_nemu
58,39,51,22.07,61.09,5.84,224.47,kaji_nemu
56,37,60,24.58,69.15,6.06,246.23,kaji_nemu
69,41,47,24.73,64.0,6.14,151.33,kaji_nemu
53,44,46,24.59,75.17,6.42,204.42,kaji_nemu
58,39,51,24.6,71.43,5.81,164.41,kaji_nemu
57,49,42,27.13,63.58,6.25,225.16,kaji_nemu
59,44,54,28.55,71.25,5.93,232.68,kaji_nemu
63,32,49,23.9,68.2,5.95,249.09,kaji_nemu
67,49,54,25.19,66.9,6.45,203.21,kaji_nemu
50,48,54,29.06,62.72,6.19,209.99,kaji_nemu
66,49,56,27.43,78.45,6.03,156.27,kaji_nemu
67,31,46,27.73,76.69,6.22,214.5,kaji_nemu
64,35,50,29.51,77.48,6.09,168.48,kaji_nemu
64,35,47,29.43,73.09,5.54,237.75,kaji_nemu
62,42,60,29.43,78.67,6.0,179.11,kaji_nemu
56,42,42,26.85,73.73,5.68,243.42,kaji_nemu
68,31,57,25.7,71.45,6.23,210.17,kaji_nemu
63,38,43,29.02,63.96,6.24,189.71,kaji_nemu
52,40,56,25.08,71.37,5.82,186.05,kaji_nemu
50,32,44,26.98,75.19,5.99,237.57,kaji_nemu
57,42,45,25.14,69.7,6.08,163.53,kaji_nemu
61,37,42,28.91,62.16,5.57,221.28,kaji_nemu
59,32,42,23.89,78.29,6.23,212.05,kaji_nemu
52,34,47,28.94,74.36,5.65,210.22,kaji_nemu
59,39,58,26.65,78.36,6.48,206.59,kaji_nemu
63,32,44,23.87,63.64,5.7,167.01,kaji_nemu
67,43,46,27.76,75.84,5.52,242.16,kaji_nemu
56,40,51,28.83,63.9,6.45,192.55,kaji_nemu
68,47,53,26.29,71.99,6.15,192.1,kaji_nemu
65,32,59,29.43,70.81,6.14,244.73,kaji_nemu
65,45,40,27.75,63.65,5.86,214.74,kaji_nemu
60,33,56,25.05,72.65,5.7,231.65,kaji_nemu
56,43,42,22.83,73.17,6.45,249.02,kaji_nemu
66,38,41,24.61,71.99,6.4,241.22,kaji_nemu
51,32,52,25.96,63.19,6.01,242.75,kaji_nemu
69,35,40,24.95,64.44,6.29,183.76,kaji_nemu
55,49,43,26.66,74.32,6.47,221.35,kaji_nemu
62,35,55,27.76,69.42,6.19,226.24,kaji_nemu
68,47,60,27.78,67.28,5.71,173.28,kaji_nemu
51,32,50,27.76,64.82,6.05,167.5,kaji_nemu
57,33,60,26.52,62.32,5.5,194.4,kaji_nemu
55,32,42,24.69,63.87,5.87,170.83,kaji_nemu
66,47,45,27.21,66.22,5.81,200.31,kaji_nemu
51,43,50,25.2,66.07,5.99,214.27,kaji_nemu
65,50,46,29.25,67.88,6.29,196.56,kaji_nemu
64,45,49,22.4,62.81,6.17,183.46,kaji_nemu
67,49,60,26.32,77.09,6.0,240.91,kaji_nemu
51,49,52,26.06,60.04,5.8,238.02,kaji_nemu
59,47,42,24.57,71.03,5.66,183.4,kaji_nemu
57,34,50,29.93,63.32,6.06,223.14,kaji_nemu
61,48,46,27.3,74.38,6.12,211.26,kaji_nemu
56,44,47,22.9,61.15,5.69,231.25,kaji_nemu
54,39,58,28.62,62.69,5.57,180.19,kaji_nemu
63,38,60,29.68,63.4,5.8,152.77,kaji_nemu
64,37,44,25.9,65.09,5.91,161.7,kaji_nemu
54,38,46,28.39,76.76,6.17,187.64,kaji_nemu
57,32,42,29.27,78.27,5.87,197.78,kaji_nemu
54,45,51,27.94,75.99,5.82,150.93,kaji_nemu
51,31,53,22.65,62.66,6.12,222.57,kaji_nemu
69,47,55,27.99,75.97,6.18,156.1,kaji_nemu
56,38,60,23.91,61.53,5.89,194.81,kaji_nemu
51,37,48,22.3,78.67,6.33,205.7,kaji_nemu
70,39,51,25.86,73.06,5.89,225.8,kaji_nemu
65,37,47,28.26,61.44,5.64,235.16,kaji_nemu
61,39,53,25.7,74.65,6.36,176.04,kaji_nemu
56,33,50,22.29,79.48,6.11,184.8,kaji_nemu
59,35,50,27.15,75.24,5.88,208.69,kaji_nemu
50,44,55,24.98,76.02,6.1,220.27,kaji_nemu
53,32,55,29.84,64.56,5.81,151.15,kaji_nemu
63,40,55,22.27,61.19,6.28,156.29,kaji_nemu
57,33,40,22.92,61.59,5.73,247.73,kaji_nemu
66,30,54,24.39,64.56,5.92,244.13,kaji_nemu
57,33,40,25.42,76.56,6.47,190.28,kaji_nemu
59,31,42,26.47,69.9,6.42,208.89,kaji_nemu
66,31,57,26.75,65.3,5.97,202.56,kaji_nemu
64,31,46,24.41,73.4,5.71,220.73,kaji_nemu
70,34,42,25.13,63.25,5.83,180.01,kaji_nemu
59,34,58,26.67,72.72,6.3,206.89,kaji_nemu
65,49,59,28.59,61.98,5.76,214.87,kaji_nemu
56,37,57,27.73,71.28,6.29,213.09,kaji_nemu
65,44,46,22.36,74.45,6.32,239.85,kaji_nemu
68,34,43,26.16,73.62,6.37,174.16,kaji_nemu
56,41,45,28.37,71.61,5.71,243.33,kaji_nemu
61,49,51,29.67,73.51,5.95,223.19,kaji_nemu
53,37,50,29.44,79.11,6.21,204.06,kaji_nemu
65,49,51,25.27,63.39,6.34,209.21,kaji_nemu
51,36,42,26.66,69.96,5.93,205.3,kaji_nemu
64,43,47,25.1,73.58,6.47,178.06,kaji_nemu
51,37,44,28.76,79.69,5.66,232.11,kaji_nemu
29,18,18,21.12,86.17,5.76,258.47,dhekia_xaak
12,22,11,20.0,88.21,6.18,250.72,dhekia_xaak
17,26,11,21.51,89.7,6.43,275.04,dhekia_xaak
24,12,23,23.73,86.45,6.38,239.14,dhekia_xaak
12,23,18,25.98,92.49,5.7,279.27,dhekia_xaak
29,25,17,26.53,85.06,5.19,288.28,dhekia_xaak
17,29,25,26.81,90.05,5.06,258.17,dhekia_xaak
21,28,30,26.46,91.28,5.95,278.76,dhekia_xaak
20,29,27,22.54,91.76,5.66,253.26,dhekia_xaak
14,25,27,26.37,85.03,5.7,220.89,dhekia_xaak
11,10,30,22.69,93.28,6.26,288.38,dhekia_xaak
26,14,10,26.42,88.16,5.12,298.17,dhekia_xaak
17,13,27,27.44,85.87,6.42,268.35,dhekia_xaak
27,24,16,26.56,87.23,5.12,295.24,dhekia_xaak
27,28,14,25.06,93.13,5.22,271.87,dhekia_xaak
15,26,19,24.86,93.04,5.63,234.03,dhekia_xaak
16,21,18,20.82,93.73,5.83,246.91,dhekia_xaak
13,13,28,21.62,85.34,5.75,242.74,dhekia_xaak
26,21,29,24.77,86.73,5.96,280.72,dhekia_xaak
22,19,20,22.6,86.18,5.75,263.1,dhekia_xaak
26,19,20,21.74,89.45,6.37,254.25,dhekia_xaak
29,26,20,23.43,90.58,5.96,263.1,dhekia_xaak
30,15,16,25.18,88.85,5.72,230.36,dhekia_xaak
29,26,10,27.68,88.4,5.1,296.14,dhekia_xaak
24,23,12,23.79,92.45,5.25,282.97,dhekia_xaak
11,22,25,27.11,93.3,6.02,256.12,dhekia_xaak
13,10,17,21.51,88.99,5.09,273.52,dhekia_xaak
17,30,16,27.22,85.67,5.02,261.61,dhekia_xaak
14,22,17,23.72,85.45,6.45,235.61,dhekia_xaak
21,30,20,25.31,87.53,5.3,230.23,dhekia_xaak
10,28,14,24.45,87.48,6.05,291.09,dhekia_xaak
13,14,14,26.07,94.08,6.13,266.86,dhekia_xaak
29,19,15,25.44,86.17,5.67,222.89,dhekia_xaak
28,11,14,22.81,88.91,5.26,245.5,dhekia_xaak
30,28,11,23.66,85.09,6.02,237.9,dhekia_xaak
18,25,30,22.52,88.89,5.41,254.21,dhekia_xaak
10,20,24,25.14,85.04,5.26,238.41,dhekia_xaak
12,10,27,26.47,90.98,5.07,228.28,dhekia_xaak
17,12,18,26.65,87.49,5.27,272.44,dhekia_xaak
21,18,18,21.89,91.45,5.61,288.42,dhekia_xaak
28,25,24,23.93,92.73,5.99,267.22,dhekia_xaak
30,29,16,24.28,93.68,6.13,274.7,dhekia_xaak
18,18,11,21.5,88.5,5.12,277.45,dhekia_xaak
17,21,26,23.49,94.25,6.08,290.06,dhekia_xaak
18,17,29,24.83,91.4,6.27,250.52,dhekia_xaak
17,28,11,22.51,91.56,6.04,277.26,dhekia_xaak
29,30,24,23.72,89.91,5.67,265.06,dhekia_xaak
25,21,14,25.35,94.78,5.89,279.04,dhekia_xaak
13,23,22,25.5,90.46,5.22,224.4,dhekia_xaak
30,18,19,27.03,93.86,6.29,277.34,dhekia_xaak
23,16,21,22.82,91.08,5.76,236.45,dhekia_xaak
20,20,24,23.48,88.84,5.65,270.93,dhekia_xaak
23,12,24,23.05,89.27,5.86,256.58,dhekia_xaak
12,22,30,25.87,86.93,6.08,280.58,dhekia_xaak
13,24,13,20.68,90.68,6.48,283.78,dhekia_xaak
20,27,21,23.7,91.1,5.16,228.18,dhekia_xaak
21,11,25,20.85,94.6,5.64,232.86,dhekia_xaak
13,16,10,26.45,93.98,5.82,245.08,dhekia_xaak
28,27,13,25.54,92.26,6.4,282.65,dhekia_xaak
24,18,23,25.5,94.08,5.38,292.58,dhekia_xaak
16,26,17,22.89,91.72,5.46,266.06,dhekia_xaak
11,13,10,21.96,85.5,6.04,221.97,dhekia_xaak
29,21,13,26.37,93.04,5.36,267.52,dhekia_xaak
22,21,23,23.97,85.51,5.08,274.02,dhekia_xaak
26,22,10,20.27,93.55,5.1,223.94,dhekia_xaak
26,26,11,23.18,91.87,6.1,239.16,dhekia_xaak
29,15,26,20.29,91.85,5.81,261.3,dhekia_xaak
19,10,25,23.98,86.92,5.89,227.8,dhekia_xaak
24,22,17,24.18,89.95,6.36,255.76,dhekia_xaak
29,19,29,23.19,86.1,5.28,290.04,dhekia_xaak
16,17,27,20.6,86.84,5.69,296.36,dhekia_xaak
13,16,29,23.96,86.56,5.74,248.73,dhekia_xaak
26,26,20,24.14,93.79,5.4,275.9,dhekia_xaak
28,25,30,23.44,90.95,5.3,291.14,dhekia_xaak
17,19,23,26.01,87.23,6.33,257.35,dhekia_xaak
27,23,18,20.37,93.61,5.85,255.44,dhekia_xaak
30,23,27,21.0,85.87,6.32,233.8,dhekia_xaak
15,11,27,21.59,89.32,6.12,239.33,dhekia_xaak
30,20,19,26.66,86.83,5.09,253.02,dhekia_xaak
13,27,26,24.56,85.04,5.87,263.92,dhekia_xaak
10,13,23,21.69,89.45,5.84,222.82,dhekia_xaak
16,24,28,21.2,87.26,5.97,230.95,dhekia_xaak
27,27,27,22.85,89.37,5.33,276.24,dhekia_xaak
13,17,30,22.57,89.95,5.26,243.39,dhekia_xaak
25,23,10,23.92,88.73,5.01,278.22,dhekia_xaak
25,19,29,24.67,91.24,5.97,257.58,dhekia_xaak
12,17,16,26.86,93.76,5.75,249.66,dhekia_xaak
15,17,28,25.18,89.48,6.2,273.33,dhekia_xaak
19,20,16,21.42,85.76,5.31,249.28,dhekia_xaak
22,24,23,22.09,88.95,5.26,282.64,dhekia_xaak
29,30,22,27.32,93.08,5.4,224.36,dhekia_xaak
10,17,25,27.34,91.11,5.5,276.68,dhekia_xaak
24,27,19,23.81,90.89,6.04,292.47,dhekia_xaak
28,22,20,24.22,85.08,5.16,235.28,dhekia_xaak
23,19,24,21.56,91.52,5.67,271.62,dhekia_xaak
11,11,10,21.84,88.15,5.86,257.96,dhekia_xaak
16,25,23,22.28,92.59,5.98,279.56,dhekia_xaak
15,11,11,26.81,93.45,5.53,272.02,dhekia_xaak
13,11,24,26.42,86.21,6.38,280.57,dhekia_xaak
18,23,26,24.98,93.81,6.22,256.06,dhekia_xaak
69,41,45,21.69,59.16,6.34,87.22,lai_xaak
76,41,46,17.98,57.18,6.84,62.77,lai_xaak
65,31,31,23.96,55.81,6.41,68.75,lai_xaak
71,34,43,16.56,65.08,6.99,52.47,lai_xaak
64,32,42,24.17,57.02,6.34,90.78,lai_xaak
67,30,45,16.37,66.01,6.9,84.27,lai_xaak
61,46,36,15.71,63.13,6.44,66.8,lai_xaak
74,45,50,22.05,58.32,6.29,97.39,lai_xaak
67,37,38,22.94,55.72,6.53,65.25,lai_xaak
72,38,41,24.74,69.22,6.55,74.36,lai_xaak
71,43,41,22.84,53.44,6.7,78.96,lai_xaak
65,43,49,15.98,59.36,6.39,96.19,lai_xaak
79,33,47,22.83,64.73,6.9,54.1,lai_xaak
76,34,33,15.34,65.11,7.0,54.61,lai_xaak
71,35,39,21.82,63.51,6.03,85.34,lai_xaak
69,31,39,19.93,60.83,6.99,97.16,lai_xaak
70,30,47,19.18,68.91,6.14,53.44,lai_xaak
71,44,36,20.54,68.21,6.16,54.46,lai_xaak
68,36,43,23.7,62.87,6.84,98.29,lai_xaak
77,36,46,23.42,63.36,6.57,56.53,lai_xaak
62,45,41,18.48,50.79,6.6,86.96,lai_xaak
66,33,31,24.98,66.81,6.69,56.46,lai_xaak
76,48,39,18.2,63.7,6.27,83.36,lai_xaak
75,49,32,22.39,51.27,6.9,62.23,lai_xaak
70,48,34,20.65,64.0,6.84,81.28,lai_xaak
65,43,36,24.1,69.86,6.96,87.41,lai_xaak
75,46,42,16.03,53.42,6.31,60.54,lai_xaak
76,32,42,22.88,52.32,6.38,67.27,lai_xaak
69,48,31,23.27,57.58,6.53,64.3,lai_xaak
68,38,47,24.32,61.25,6.54,55.87,lai_xaak
65,33,38,21.14,64.48,6.13,95.92,lai_xaak
76,33,44,21.64,60.46,6.13,83.47,lai_xaak
77,36,49,18.15,65.26,6.07,98.93,lai_xaak
75,42,42,22.46,55.36,6.24,83.12,lai_xaak
63,34,35,18.76,58.29,6.4,80.07,lai_xaak
74,36,50,21.59,68.65,6.7,55.82,lai_xaak
75,48,45,22.71,59.6,6.62,96.7,lai_xaak
77,47,48,16.25,62.98,6.83,55.12,lai_xaak
73,40,40,19.43,62.08,6.94,58.55,lai_xaak
80,41,39,19.03,57.45,6.55,70.4,lai_xaak
67,31,43,19.52,51.48,6.04,79.19,lai_xaak
67,40,46,24.48,60.17,6.41,55.27,lai_xaak
77,36,46,18.69,67.08,6.57,94.74,lai_xaak
69,46,31,16.93,50.68,6.72,76.19,lai_xaak
70,44,30,23.81,65.18,6.28,71.4,lai_xaak
67,40,30,18.84,64.53,6.53,67.79,lai_xaak
64,32,44,15.73,62.66,6.15,65.61,lai_xaak
71,34,42,16.85,69.31,6.84,74.59,lai_xaak
69,31,32,22.94,66.02,6.16,68.17,lai_xaak
69,36,44,17.79,57.85,6.98,99.38,lai_xaak
66,48,35,17.07,54.99,6.58,71.14,lai_xaak
69,46,39,15.33,67.04,6.65,54.66,lai_xaak
63,43,45,21.72,61.34,6.54,60.54,lai_xaak
65,41,46,19.98,60.96,6.82,77.38,lai_xaak
72,50,36,20.97,57.78,6.8,54.5,lai_xaak
77,34,49,22.68,58.66,6.31,79.6,lai_xaak
76,37,32,24.0,59.05,6.71,85.33,lai_xaak
64,33,37,15.92,66.58,6.82,70.47,lai_xaak
61,44,48,22.14,55.96,6.14,92.3,lai_xaak
61,31,30,17.01,63.92,6.57,76.75,lai_xaak
72,40,43,24.92,60.42,6.46,71.77,lai_xaak
60,44,50,23.82,54.7,6.12,67.07,lai_xaak
72,31,30,20.73,52.2,6.25,95.86,lai_xaak
66,44,33,20.2,60.04,6.24,53.7,lai_xaak
78,35,36,21.09,56.89,6.34,66.9,lai_xaak
67,37,50,19.72,63.13,6.62,68.66,lai_xaak
77,50,43,24.36,61.69,6.35,82.7,lai_xaak
62,33,41,16.48,69.58,6.43,93.84,lai_xaak
68,47,40,15.66,65.92,6.64,98.93,lai_xaak
72,45,45,20.39,68.3,6.9,77.59,lai_xaak
65,34,50,18.21,51.49,6.6,83.8,lai_xaak
77,41,42,23.37,67.22,6.32,56.62,lai_xaak
65,45,39,15.91,54.8,6.35,71.24,lai_xaak
68,30,44,22.61,63.79,6.63,92.45,lai_xaak
77,46,49,22.29,59.17,6.96,82.82,lai_xaak
69,42,44,18.26,56.48,6.99,56.09,lai_xaak
79,39,30,19.92,56.1,6.64,70.86,lai_xaak
75,34,48,22.17,67.81,6.73,92.86,lai_xaak
67,41,32,18.42,62.01,6.21,92.64,lai_xaak
60,35,47,21.02,65.21,6.16,77.28,lai_xaak
66,47,45,15.14,69.65,6.26,58.63,lai_xaak
77,38,39,23.1,67.33,6.8,74.16,lai_xaak
68,48,32,20.63,70.0,6.24,79.66,lai_xaak
71,43,33,23.65,63.19,6.31,79.4,lai_xaak
72,42,30,19.57,68.19,6.81,59.43,lai_xaak
67,38,44,19.81,57.48,6.06,58.38,lai_xaak
70,31,43,18.09,50.4,6.97,95.84,lai_xaak
67,30,40,23.66,61.62,6.42,85.32,lai_xaak
60,48,33,22.9,53.44,6.88,82.56,lai_xaak
60,40,48,19.95,63.62,6.94,68.04,lai_xaak
69,47,32,20.77,51.07,6.26,75.33,lai_xaak
72,44,33,19.15,60.18,6.69,73.97,lai_xaak
64,45,37,21.97,67.17,6.42,76.49,lai_xaak
66,47,35,16.83,65.96,6.41,91.79,lai_xaak
69,50,31,24.14,60.04,6.15,94.33,lai_xaak
61,40,50,19.96,64.27,6.89,59.2,lai_xaak
67,41,49,23.53,61.2,6.8,82.57,lai_xaak
61,36,49,18.32,54.53,6.79,98.38,lai_xaak
66,30,34,23.55,64.31,6.37,62.03,lai_xaak
65,31,30,21.34,52.87,6.19,93.74,lai_xaak
63,57,39,31.45,88.19,6.47,226.21,bora_rice
71,48,43,29.78,88.49,6.37,237.74,bora_rice
61,51,40,30.75,82.39,6.21,212.35,bora_rice
79,57,45,25.39,87.72,6.05,269.97,bora_rice
67,44,44,30.4,81.19,5.55,271.86,bora_rice
60,53,42,27.71,86.3,6.44,209.63,bora_rice
89,45,40,29.95,80.44,6.2,239.73,bora_rice
76,58,40,29.14,89.01,6.5,235.65,bora_rice
86,47,41,29.13,86.65,6.23,270.26,bora_rice
66,60,39,28.79,84.66,5.85,203.61,bora_rice
86,52,43,29.52,81.78,5.81,231.81,bora_rice
69,40,42,31.24,81.06,6.04,243.67,bora_rice
79,45,40,28.58,85.5,6.18,229.15,bora_rice
74,55,44,31.27,87.49,5.73,229.23,bora_rice
84,40,45,24.79,84.64,6.18,206.56,bora_rice
62,55,42,25.34,85.99,6.01,272.6,bora_rice
75,50,44,30.71,80.39,6.28,264.67,bora_rice
76,51,42,30.18,89.53,5.81,250.5,bora_rice
65,50,43,30.96,82.18,5.84,201.96,bora_rice
72,50,44,31.39,82.0,6.27,239.97,bora_rice
60,56,40,31.45,86.42,5.79,254.73,bora_rice
67,49,44,24.57,88.98,5.86,264.24,bora_rice
90,57,42,25.54,86.57,6.2,214.31,bora_rice
65,46,44,26.91,82.69,5.59,258.56,bora_rice
90,50,40,28.89,88.21,5.81,252.5,bora_rice
88,58,45,26.4,87.29,6.22,215.68,bora_rice
85,56,40,30.64,86.51,5.55,255.87,bora_rice
81,44,38,28.05,86.64,6.01,245.51,bora_rice
76,52,39,30.54,88.3,5.73,246.84,bora_rice
62,60,43,30.23,89.71,5.7,204.5,bora_rice
81,43,40,31.98,86.31,5.56,235.21,bora_rice
71,42,39,25.39,84.56,5.73,218.74,bora_rice
84,56,43,30.81,84.71,6.48,208.9,bora_rice
72,57,45,26.88,81.47,6.2,209.17,bora_rice
63,40,40,27.5,88.29,6.19,225.01,bora_rice
64,50,40,31.15,82.51,5.74,245.75,bora_rice
83,54,42,28.23,86.05,5.6,251.38,bora_rice
72,40,39,27.9,82.05,6.05,220.92,bora_rice
76,41,40,30.37,80.86,5.81,262.36,bora_rice
74,43,42,30.27,82.55,6.48,225.01,bora_rice
82,44,39,25.22,85.23,5.62,217.51,bora_rice
66,45,40,26.89,84.22,6.17,247.58,bora_rice
77,41,41,31.61,81.42,5.94,269.22,bora_rice
65,56,39,28.01,88.08,5.86,228.76,bora_rice
87,48,43,31.54,82.8,5.74,236.61,bora_rice
83,45,42,31.4,86.67,6.49,231.37,bora_rice
77,41,44,29.71,82.31,6.1,219.49,bora_rice
71,46,38,26.54,87.09,5.77,265.89,bora_rice
63,55,40,31.01,88.68,6.11,244.66,bora_rice
90,56,45,26.58,87.74,5.61,249.31,bora_rice
63,56,39,31.45,82.15,6.1,221.71,bora_rice
77,60,39,28.11,87.89,5.6,249.44,bora_rice
88,48,45,27.12,84.41,6.08,268.49,bora_rice
85,45,45,30.49,83.07,5.84,231.16,bora_rice
86,41,44,27.93,81.55,6.11,263.42,bora_rice
90,41,45,25.96,85.76,5.89,201.28,bora_rice
69,49,45,30.41,87.55,5.76,273.13,bora_rice
65,59,42,27.73,88.14,6.19,262.52,bora_rice
72,43,43,28.07,84.63,6.1,228.77,bora_rice
62,46,43,26.98,81.55,5.95,202.52,bora_rice
89,50,38,31.4,85.72,6.07,210.79,bora_rice
78,47,40,26.46,85.6,6.39,200.91,bora_rice
70,51,42,26.86,84.51,6.22,247.55,bora_rice
73,41,43,29.18,86.64,6.35,273.57,bora_rice
64,53,42,30.69,89.23,6.45,264.28,bora_rice
74,55,39,28.13,80.72,5.61,219.54,bora_rice
67,43,42,25.16,83.84,6.3,224.77,bora_rice
61,49,38,31.0,81.63,6.2,250.78,bora_rice
89,59,39,25.12,87.91,6.16,218.11,bora_rice
75,52,40,25.3,83.53,5.63,256.39,bora_rice
76,42,38,26.78,89.77,5.92,239.09,bora_rice
73,55,43,25.84,80.35,6.33,208.11,bora_rice
70,40,43,28.01,80.39,5.8,275.8,bora_rice
64,49,45,25.63,87.27,6.36,278.18,bora_rice
62,48,45,26.1,86.74,6.48,256.21,bora_rice
68,50,38,30.83,83.67,6.49,264.03,bora_rice
89,51,38,25.99,84.85,6.45,260.21,bora_rice
84,59,38,28.2,84.8,6.35,223.02,bora_rice
63,51,39,25.12,86.63,5.93,228.54,bora_rice
63,43,39,24.08,83.0,6.02,219.47,bora_rice
90,44,41,26.9,84.88,6.44,216.96,bora_rice
74,49,40,30.7,85.55,5.92,205.13,bora_rice
86,47,41,25.32,82.38,6.5,244.6,bora_rice
75,47,45,25.65,85.77,6.2,252.88,bora_rice
62,41,39,27.87,83.45,6.26,263.43,bora_rice
76,50,43,27.85,88.79,5.96,251.91,bora_rice
87,52,41,31.44,84.93,5.74,252.06,bora_rice
83,44,39,26.06,89.03,5.51,258.73,bora_rice
85,60,39,29.24,86.0,6.41,254.65,bora_rice
62,50,38,30.97,83.77,5.63,274.53,bora_rice
89,40,43,24.75,87.84,5.83,215.9,bora_rice
82,54,39,29.02,86.28,6.4,274.51,bora_rice
67,49,43,28.31,83.38,5.85,228.97,bora_rice
84,50,38,31.87,80.29,5.66,274.63,bora_rice
84,42,39,29.28,86.12,6.02,201.43,bora_rice
64,41,44,27.02,84.28,5.9,265.55,bora_rice
65,49,42,29.71,84.62,6.01,271.38,bora_rice
90,44,45,24.95,87.9,6.35,266.73,bora_rice
67,52,43,30.74,89.38,5.76,272.09,bora_rice
71,55,44,27.54,85.17,5.78,277.25,bora_rice
80,48,104,29.25,77.96,5.75,334.2,areca_nut
99,56,114,21.84,79.62,5.78,311.5,areca_nut
107,46,93,25.86,87.87,6.49,297.11,areca_nut
91,54,86,22.74,78.75,5.23,222.98,areca_nut
83,52,93,24.68,81.85,5.11,246.14,areca_nut
92,56,113,28.64,81.08,6.12,229.19,areca_nut
98,43,112,23.71,82.85,6.05,290.48,areca_nut
85,60,91,28.34,77.07,5.28,251.18,areca_nut
86,55,103,28.93,77.81,5.72,285.67,areca_nut
102,57,99,23.23,78.96,5.78,202.63,areca_nut
96,48,107,29.18,76.28,6.2,314.84,areca_nut
103,55,99,24.7,85.32,5.18,261.77,areca_nut
101,58,107,20.39,85.13,5.37,217.95,areca_nut
93,51,106,26.5,84.06,5.84,270.89,areca_nut
83,52,105,22.2,76.31,5.18,233.06,areca_nut
95,58,94,20.84,84.63,6.09,232.96,areca_nut
86,41,111,21.81,75.32,5.98,262.56,areca_nut
101,48,114,23.81,83.16,5.04,309.15,areca_nut
107,58,93,28.95,80.84,5.22,202.77,areca_nut
91,40,104,22.66,76.9,5.05,326.42,areca_nut
81,42,114,28.07,86.03,6.27,262.72,areca_nut
95,41,90,22.41,79.53,5.74,308.11,areca_nut
101,54,104,23.47,82.44,6.37,275.98,areca_nut
88,54,87,28.51,87.48,5.96,337.72,areca_nut
88,43,111,21.02,75.57,5.1,314.76,areca_nut
105,58,115,21.65,84.12,6.5,321.39,areca_nut
81,60,95,21.49,84.9,6.36,322.06,areca_nut
94,60,87,21.71,83.46,5.95,276.71,areca_nut
91,42,105,25.33,89.71,5.35,305.07,areca_nut
105,54,88,27.64,81.98,5.32,211.08,areca_nut
82,54,107,29.69,76.69,5.13,324.07,areca_nut
94,55,82,21.84,76.55,6.31,333.14,areca_nut
82,42,97,23.15,86.39,5.24,203.66,areca_nut
110,41,88,28.74,82.63,6.49,340.47,areca_nut
93,40,93,20.7,82.89,5.9,265.12,areca_nut
108,42,111,25.37,78.93,5.92,200.01,areca_nut
93,54,120,26.02,85.13,6.03,216.02,areca_nut
80,47,107,23.59,84.1,5.69,334.54,areca_nut
84,52,108,25.37,87.7,6.08,260.69,areca_nut
85,46,83,27.8,86.23,6.45,259.13,areca_nut
103,47,116,29.11,80.33,5.56,216.29,areca_nut
84,52,101,27.44,82.46,5.86,326.23,areca_nut
83,40,96,24.89,82.43,6.32,346.75,areca_nut
96,42,113,24.67,78.34,5.95,269.27,areca_nut
89,42,97,27.31,80.58,5.66,203.02,areca_nut
109,53,92,28.0,81.61,6.25,286.94,areca_nut
82,50,92,20.01,88.02,5.89,335.45,areca_nut
95,53,85,22.11,85.21,6.46,201.13,areca_nut
107,47,86,20.03,77.32,6.04,249.01,areca_nut
96,53,110,21.45,80.73,6.34,262.02,areca_nut
107,42,118,23.25,89.05,5.74,337.15,areca_nut
82,58,114,22.63,84.34,5.86,328.02,areca_nut
102,49,97,23.65,80.29,6.45,274.17,areca_nut
80,52,108,23.82,80.59,6.18,284.14,areca_nut
110,56,113,21.74,81.22,5.08,216.99,areca_nut
91,52,81,26.98,86.06,5.27,214.15,areca_nut
100,55,80,22.48,78.05,5.61,219.5,areca_nut
96,43,100,24.26,78.61,5.12,277.67,areca_nut
90,56,99,28.44,88.67,6.04,235.82,areca_nut
99,44,101,22.75,85.12,5.49,225.04,areca_nut
95,41,95,29.09,77.7,5.37,337.24,areca_nut
85,42,108,29.42,89.77,6.03,321.18,areca_nut
94,60,90,25.68,85.03,6.5,274.46,areca_nut
84,53,107,24.08,78.39,6.36,249.07,areca_nut
107,42,104,25.7,86.12,5.29,212.76,areca_nut
88,53,107,27.19,83.79,6.09,339.63,areca_nut
96,54,116,26.89,82.91,6.31,349.9,areca_nut
108,51,81,25.78,89.2,5.86,232.46,areca_nut
92,43,87,25.2,77.19,5.57,230.76,areca_nut
94,54,115,24.88,84.06,5.18,296.81,areca_nut
108,57,110,20.79,88.73,5.65,296.99,areca_nut
98,51,103,28.84,84.74,6.24,346.36,areca_nut
105,46,103,28.57,88.9,5.06,201.75,areca_nut
99,44,105,21.65,83.28,6.12,321.55,areca_nut
102,51,110,24.02,79.24,6.45,309.01,areca_nut
87,53,120,28.17,80.36,5.07,301.35,areca_nut
95,57,110,24.19,76.88,5.23,226.92,areca_nut
87,41,109,20.09,89.06,6.49,323.06,areca_nut
90,54,81,27.9,86.71,6.16,309.08,areca_nut
83,50,114,22.95,86.1,5.16,257.56,areca_nut
110,43,104,20.19,75.31,5.34,202.03,areca_nut
89,55,93,27.61,88.98,5.66,349.23,areca_nut
110,47,84,26.27,87.42,5.22,222.47,areca_nut
87,58,88,23.62,75.15,5.59,284.29,areca_nut
102,51,84,27.86,79.66,5.95,294.47,areca_nut
101,56,86,29.93,77.04,5.85,221.37,areca_nut
91,44,94,21.62,89.42,5.93,288.48,areca_nut
95,44,116,26.29,88.34,5.5,286.68,areca_nut
94,42,95,22.86,80.92,5.19,256.34,areca_nut
93,51,110,25.86,81.96,5.03,338.06,areca_nut
93,44,81,22.51,84.32,5.65,312.43,areca_nut
92,44,101,27.91,88.6,6.29,244.45,areca_nut
92,55,94,20.4,86.42,5.53,336.28,areca_nut
83,51,112,28.74,77.48,5.28,277.04,areca_nut
101,42,101,25.42,75.29,5.27,253.9,areca_nut
101,43,108,20.47,87.17,5.92,297.61,areca_nut
86,53,109,25.19,80.65,5.68,341.65,areca_nut
108,41,110,26.96,80.66,5.23,245.84,areca_nut
86,49,85,27.63,83.07,5.84,270.18,areca_nut
82,50,90,20.43,81.58,5.74,293.65,areca_nut
25,18,29,25.86,83.36,6.94,205.55,manimuni
38,24,35,24.5,82.07,6.06,271.93,manimuni
34,28,35,29.35,92.27,6.48,283.97,manimuni
20,26,25,27.25,83.0,6.55,252.36,manimuni
40,19,23,24.62,93.04,6.43,242.92,manimuni
40,20,20,20.4,94.26,6.31,272.12,manimuni
27,20,26,22.11,92.16,6.84,220.44,manimuni
40,24,28,29.38,88.83,6.52,242.91,manimuni
22,29,37,23.57,93.73,6.98,202.58,manimuni
36,27,33,27.35,80.8,5.69,242.6,manimuni
20,20,27,29.7,90.35,6.34,264.33,manimuni
24,17,28,24.36,94.22,6.42,299.12,manimuni
39,28,31,27.79,89.39,6.43,204.95,manimuni
31,30,26,28.65,93.06,5.64,256.33,manimuni
31,21,25,28.73,82.23,6.83,232.22,manimuni
40,19,35,22.99,94.27,6.78,242.33,manimuni
29,21,23,29.5,90.22,6.43,224.18,manimuni
29,28,25,26.8,85.7,6.08,279.63,manimuni
39,29,31,26.09,92.33,6.85,229.73,manimuni
36,19,30,26.68,81.36,6.49,253.53,manimuni
22,20,40,20.98,93.53,5.7,274.46,manimuni
23,15,26,29.17,94.21,6.85,276.06,manimuni
34,18,28,25.19,82.07,6.22,235.07,manimuni
28,22,38,22.84,92.58,5.65,279.64,manimuni
23,25,26,27.0,92.29,6.49,270.63,manimuni
32,26,28,29.75,83.73,5.68,258.0,manimuni
39,15,21,20.76,89.92,5.75,250.04,manimuni
20,30,39,28.42,82.45,6.24,213.5,manimuni
38,26,40,21.64,82.5,6.67,275.1,manimuni
28,22,22,28.21,93.82,5.57,244.73,manimuni
21,28,37,24.51,83.22,6.29,232.14,manimuni
24,29,33,20.4,92.39,6.23,229.21,manimuni
32,18,25,21.13,87.6,6.57,263.78,manimuni
31,17,28,27.38,94.74,5.99,225.06,manimuni
21,22,39,24.17,92.36,6.73,266.52,manimuni
27,19,24,21.61,90.87,6.32,204.7,manimuni
30,19,23,25.22,83.43,6.51,209.36,manimuni
39,19,21,21.91,85.79,6.64,209.13,manimuni
33,26,25,22.56,86.32,6.71,249.38,manimuni
29,18,33,21.03,82.02,5.58,291.32,manimuni
23,20,38,21.15,89.91,6.86,274.31,manimuni
22,21,27,22.42,80.83,5.56,233.98,manimuni
32,25,36,25.14,94.92,5.97,277.62,manimuni
39,24,23,25.92,91.06,6.98,254.1,manimuni
25,25,40,25.44,84.31,5.66,269.22,manimuni
21,17,39,22.45,90.0,6.82,214.01,manimuni
38,19,33,27.32,87.39,6.1,265.31,manimuni
40,24,37,26.58,81.01,6.81,236.15,manimuni
23,26,40,27.68,85.3,6.82,253.13,manimuni
30,30,36,21.83,87.2,6.55,246.49,manimuni
22,30,22,20.99,92.07,5.73,225.33,manimuni
33,25,40,22.05,89.27,5.83,216.82,manimuni
40,26,24,29.28,84.83,5.9,203.1,manimuni
30,20,28,23.14,93.52,6.89,235.93,manimuni
39,20,36,22.2,89.75,6.33,231.13,manimuni
36,17,23,29.99,92.4,6.22,285.28,manimuni
38,28,23,28.08,88.76,6.67,250.15,manimuni
35,29,27,27.13,90.59,5.84,225.68,manimuni
26,22,31,26.75,92.41,6.95,268.12,manimuni
25,28,33,20.0,92.13,6.98,287.5,manimuni
35,26,27,20.96,88.48,6.75,234.14,manimuni
35,17,21,28.03,90.24,5.58,292.4,manimuni
26,29,20,28.38,94.66,6.31,201.8,manimuni
38,28,22,22.86,94.57,6.12,200.73,manimuni
26,17,28,29.03,83.6,6.96,274.31,manimuni
20,21,32,26.14,93.28,5.56,265.54,manimuni
34,22,33,26.44,83.17,6.59,251.4,manimuni
24,26,31,21.79,81.46,6.33,226.05,manimuni
34,20,34,24.87,87.01,6.6,223.58,manimuni
24,20,30,24.58,84.68,6.39,265.46,manimuni
25,27,38,20.0,83.34,5.68,226.17,manimuni
20,25,32,27.69,86.4,6.64,297.42,manimuni
38,19,25,25.32,81.29,5.87,263.94,manimuni
25,23,30,21.69,84.78,6.02,221.67,manimuni
38,18,29,22.14,82.12,6.36,278.79,manimuni
36,29,29,24.31,86.04,6.2,275.3,manimuni
30,25,24,28.02,92.67,6.81,233.58,manimuni
26,22,21,24.37,81.97,5.51,299.65,manimuni
36,27,22,25.6,83.57,6.71,212.62,manimuni
40,21,21,24.97,93.63,5.72,269.47,manimuni
28,17,22,28.55,85.47,6.88,277.45,manimuni
29,23,39,29.81,89.47,5.72,261.51,manimuni
34,30,31,29.85,90.09,6.56,267.75,manimuni
28,16,29,28.86,86.72,6.33,203.71,manimuni
23,15,25,27.24,83.47,6.41,244.66,manimuni
23,26,29,29.16,87.35,6.99,288.95,manimuni
23,22,38,24.02,86.4,6.04,230.02,manimuni
38,28,25,25.23,92.05,6.68,248.45,manimuni
29,24,37,26.9,94.01,6.01,290.74,manimuni
36,25,26,27.82,94.99,5.55,288.43,manimuni
29,30,27,20.72,81.83,5.82,230.84,manimuni
27,28,22,28.7,86.67,6.06,221.05,manimuni
28,15,27,28.91,88.34,6.61,295.99,manimuni
32,19,31,29.64,93.13,5.53,202.17,manimuni
28,15,37,28.49,93.68,5.68,230.58,manimuni
29,18,32,23.07,91.22,5.87,230.72,manimuni
24,26,37,27.21,94.77,6.38,275.3,manimuni
24,27,23,25.79,81.34,5.8,224.53,manimuni
40,26,30,21.27,87.8,5.84,212.62,manimuni
28,18,29,29.19,87.22,6.42,214.77,manimuni
91,42,72,27.92,75.98,6.27,227.46,bamboo_shoot
106,40,72,28.53,85.62,5.01,321.26,bamboo_shoot
92,39,62,20.96,75.09,5.73,382.24,bamboo_shoot
82,41,77,29.2,83.19,5.57,360.64,bamboo_shoot
118,39,64,22.84,84.91,6.34,203.22,bamboo_shoot
81,37,70,30.05,85.35,5.37,293.53,bamboo_shoot
105,48,73,23.58,80.62,5.99,334.81,bamboo_shoot
104,36,79,26.81,78.06,5.75,360.41,bamboo_shoot
89,44,70,21.32,77.57,5.9,303.04,bamboo_shoot
118,33,89,22.21,78.65,5.45,393.61,bamboo_shoot
84,43,79,30.1,79.99,5.26,269.07,bamboo_shoot
86,42,61,22.15,87.59,5.72,314.3,bamboo_shoot
93,44,71,29.73,82.17,5.54,207.29,bamboo_shoot
93,35,66,20.82,83.9,6.31,320.76,bamboo_shoot
96,50,71,26.61,75.57,5.16,336.69,bamboo_shoot
102,48,77,21.74,84.6,6.23,361.39,bamboo_shoot
83,35,84,20.68,76.0,5.11,212.15,bamboo_shoot
93,47,78,24.8,81.64,6.44,387.84,bamboo_shoot
117,30,64,29.07,89.08,5.04,232.45,bamboo_shoot
82,37,81,30.29,86.87,5.07,262.37,bamboo_shoot
107,48,82,26.56,82.3,5.34,252.7,bamboo_shoot
117,46,86,30.64,82.05,6.43,397.73,bamboo_shoot
104,43,76,31.47,89.26,5.74,215.78,bamboo_shoot
116,40,75,22.51,84.6,5.67,333.81,bamboo_shoot
98,44,89,27.65,78.28,5.13,257.55,bamboo_shoot
115,46,84,26.13,76.48,5.91,211.36,bamboo_shoot
102,47,65,28.32,80.62,5.75,217.65,bamboo_shoot
104,38,70,25.6,87.37,5.28,394.15,bamboo_shoot
84,50,73,28.28,86.93,5.87,371.89,bamboo_shoot
94,34,71,27.07,84.57,6.24,364.11,bamboo_shoot
100,45,71,24.92,81.01,6.38,203.64,bamboo_shoot
97,38,61,21.28,80.4,5.65,263.89,bamboo_shoot
113,46,78,31.59,86.15,5.78,207.63,bamboo_shoot
117,31,85,25.78,84.93,5.63,394.69,bamboo_shoot
99,30,84,31.45,84.75,6.23,317.53,bamboo_shoot
96,33,79,31.07,86.21,6.03,325.35,bamboo_shoot
113,41,82,21.41,85.37,5.89,268.01,bamboo_shoot
97,46,87,24.71,81.12,5.8,330.24,bamboo_shoot
101,48,66,21.46,82.21,5.78,290.06,bamboo_shoot
112,36,80,24.51,76.48,5.43,275.18,bamboo_shoot
82,35,78,22.38,82.99,5.23,395.37,bamboo_shoot
80,49,77,26.13,89.41,5.61,330.26,bamboo_shoot
94,49,62,28.89,79.61,5.07,249.0,bamboo_shoot
110,37,66,22.87,78.99,5.21,213.05,bamboo_shoot
118,39,89,20.53,88.97,6.35,268.39,bamboo_shoot
93,42,65,23.74,78.04,5.74,258.07,bamboo_shoot
94,31,65,20.63,81.06,5.36,321.6,bamboo_shoot
113,41,85,24.41,87.52,5.2,362.58,bamboo_shoot
120,40,81,26.02,81.03,5.12,211.55,bamboo_shoot
98,35,87,31.01,80.22,5.29,370.45,bamboo_shoot
101,48,61,23.74,79.4,5.04,212.36,bamboo_shoot
99,34,66,25.33,77.39,5.43,252.7,bamboo_shoot
109,32,75,22.1,88.39,6.12,398.89,bamboo_shoot
102,48,70,20.21,76.43,5.66,250.32,bamboo_shoot
82,33,74,26.77,89.6,5.76,223.23,bamboo_shoot
106,41,72,31.94,88.17,6.27,256.47,bamboo_shoot
80,36,73,21.54,76.01,6.09,299.35,bamboo_shoot
110,32,68,31.66,84.19,5.25,214.59,bamboo_shoot
90,34,63,22.09,87.09,5.84,286.76,bamboo_shoot
114,48,72,24.88,84.69,5.6,378.5,bamboo_shoot
80,30,70,21.59,80.42,5.62,277.73,bamboo_shoot
85,30,80,28.72,79.22,5.42,246.69,bamboo_shoot
104,40,84,26.66,85.08,6.05,370.24,bamboo_shoot
102,30,83,31.05,87.59,5.72,240.09,bamboo_shoot
116,39,61,24.38,87.2,5.91,304.72,bamboo_shoot
91,41,61,31.95,81.61,5.77,398.6,bamboo_shoot
98,39,79,25.11,76.74,6.45,294.76,bamboo_shoot
106,43,82,21.75,85.91,5.65,306.12,bamboo_shoot
83,34,76,29.91,86.99,5.56,268.16,bamboo_shoot
115,45,72,20.74,76.57,6.2,382.87,bamboo_shoot
86,39,78,20.22,76.09,5.19,364.65,bamboo_shoot
91,30,67,24.64,79.46,5.71,348.59,bamboo_shoot
113,43,69,22.75,84.29,6.05,208.87,bamboo_shoot
103,37,76,27.08,81.99,5.47,256.25,bamboo_shoot
120,35,69,30.08,80.66,6.01,340.89,bamboo_shoot
114,30,73,24.09,85.54,5.54,217.71,bamboo_shoot
110,30,76,20.13,79.04,5.33,239.58,bamboo_shoot
94,33,90,30.5,77.53,5.67,377.18,bamboo_shoot
113,43,76,28.3,78.29,5.02,201.28,bamboo_shoot
99,33,88,31.24,75.65,5.43,223.57,bamboo_shoot
105,45,66,30.77,85.41,5.61,364.96,bamboo_shoot
111,45,70,24.08,82.7,6.45,265.66,bamboo_shoot
106,44,84,25.34,83.69,5.38,294.28,bamboo_shoot
97,39,78,24.96,78.9,5.26,384.49,bamboo_shoot
104,41,84,24.08,80.73,5.95,229.7,bamboo_shoot
112,40,80,24.45,82.1,5.26,346.66,bamboo_shoot
107,41,76,25.6,81.99,6.02,330.36,bamboo_shoot
96,38,76,22.51,87.16,6.49,337.13,bamboo_shoot
100,35,87,29.08,88.57,6.31,336.36,bamboo_shoot
86,46,64,29.57,83.11,6.02,269.87,bamboo_shoot
99,34,66,21.93,85.86,5.26,337.85,bamboo_shoot
82,42,61,21.87,86.33,5.79,362.91,bamboo_shoot
95,42,78,30.46,81.13,5.28,305.61,bamboo_shoot
92,31,78,22.94,81.21,6.26,238.75,bamboo_shoot
88,38,61,26.52,82.96,5.45,233.98,bamboo_shoot
81,50,62,21.54,77.5,5.05,297.72,bamboo_shoot
96,38,90,30.88,75.5,6.2,258.57,bamboo_shoot
110,40,79,26.93,76.16,5.03,256.33,bamboo_shoot
111,39,63,27.15,88.89,5.66,351.4,bamboo_shoot
113,50,74,29.52,86.64,5.72,238.17,bamboo_shoot
46,50,63,23.59,69.56,6.66,188.63,local_pumpkin
49,50,73,27.87,69.98,6.26,217.41,local_pumpkin
49,67,65,24.26,76.32,6.65,170.4,local_pumpkin
53,58,75,24.61,69.38,6.53,185.64,local_pumpkin
45,65,72,25.77,67.29,6.44,191.57,local_pumpkin
58,64,65,24.1,67.79,6.77,177.89,local_pumpkin
41,50,78,28.88,79.26,6.03,154.35,local_pumpkin
49,51,66,26.45,71.09,6.47,187.7,local_pumpkin
51,69,72,29.75,76.91,6.91,161.41,local_pumpkin
49,53,66,28.76,70.89,6.33,154.47,local_pumpkin
50,70,74,29.25,65.13,6.84,211.84,local_pumpkin
43,57,70,23.89,78.84,6.51,201.78,local_pumpkin
57,66,61,25.45,78.53,6.1,185.73,local_pumpkin
54,51,65,25.31,72.25,6.16,169.43,local_pumpkin
60,55,64,28.39,70.47,6.97,210.38,local_pumpkin
53,61,61,29.62,65.64,6.21,158.48,local_pumpkin
56,60,64,25.37,74.36,6.57,201.52,local_pumpkin
41,67,64,29.06,68.61,6.68,169.75,local_pumpkin
60,58,72,28.05,74.26,6.42,160.56,local_pumpkin
48,57,76,28.17,73.27,6.63,151.58,local_pumpkin
40,70,80,29.95,79.84,6.68,206.25,local_pumpkin
54,63,67,25.57,66.16,6.91,170.64,local_pumpkin
46,68,78,24.7,67.15,6.24,180.9,local_pumpkin
46,51,72,23.08,79.5,6.71,213.94,local_pumpkin
53,67,72,26.96,68.47,6.73,172.83,local_pumpkin
41,62,69,28.01,65.74,6.76,150.92,local_pumpkin
53,58,61,24.51,79.9,6.23,208.3,local_pumpkin
52,50,78,23.03,76.58,6.34,186.5,local_pumpkin
53,52,67,26.19,73.67,6.93,216.74,local_pumpkin
44,62,79,25.55,71.16,6.76,162.83,local_pumpkin
52,64,69,25.94,65.89,6.63,219.5,local_pumpkin
47,60,61,27.82,67.76,6.58,202.57,local_pumpkin
51,69,60,27.38,68.46,6.63,186.67,local_pumpkin
46,70,73,27.66,73.85,6.91,187.39,local_pumpkin
56,70,61,24.28,69.56,6.17,188.6,local_pumpkin
49,65,66,27.83,73.06,6.89,176.31,local_pumpkin
52,61,71,27.49,72.62,6.54,194.33,local_pumpkin
51,51,60,24.48,74.47,6.06,188.23,local_pumpkin
55,63,70,23.49,77.84,6.34,184.69,local_pumpkin
60,60,67,27.19,73.09,6.92,218.05,local_pumpkin
41,52,70,22.98,77.26,6.35,154.1,local_pumpkin
56,63,79,23.24,74.59,6.97,219.46,local_pumpkin
41,68,67,22.86,72.32,6.09,157.57,local_pumpkin
44,70,71,27.54,71.15,6.32,185.67,local_pumpkin
59,62,72,26.87,68.6,6.62,161.72,local_pumpkin
54,63,70,24.9,72.48,6.74,178.87,local_pumpkin
58,52,67,28.19,76.8,6.02,208.94,local_pumpkin
49,61,66,23.56,71.01,6.89,152.26,local_pumpkin
58,53,73,22.72,79.07,6.9,189.21,local_pumpkin
48,51,61,24.78,69.56,6.58,189.81,local_pumpkin
41,62,65,23.4,71.08,6.8,166.49,local_pumpkin
43,61,67,24.11,72.33,6.95,181.6,local_pumpkin
58,57,64,24.65,69.58,6.88,153.12,local_pumpkin
41,56,76,26.23,75.86,6.08,166.96,local_pumpkin
54,60,63,27.19,79.09,6.71,177.43,local_pumpkin
49,52,62,27.77,70.8,6.78,216.76,local_pumpkin
60,59,74,27.44,73.64,6.74,172.23,local_pumpkin
53,53,80,22.66,72.18,6.69,209.21,local_pumpkin
40,60,68,24.27,74.89,6.17,198.76,local_pumpkin
59,58,69,28.14,70.3,6.3,187.28,local_pumpkin
43,56,62,29.11,68.21,6.53,155.38,local_pumpkin
42,52,79,28.34,67.4,6.97,201.13,local_pumpkin
41,60,60,24.37,68.04,6.09,212.13,local_pumpkin
41,66,63,28.25,72.64,6.88,189.21,local_pumpkin
57,69,79,26.63,74.69,6.69,170.38,local_pumpkin
53,67,80,29.64,65.12,6.1,188.36,local_pumpkin
43,61,60,25.8,72.49,6.29,154.68,local_pumpkin
55,62,75,28.87,74.82,6.31,159.83,local_pumpkin
41,65,74,25.25,69.43,6.47,161.48,local_pumpkin
57,52,78,28.79,79.91,6.72,197.91,local_pumpkin
48,52,78,28.53,79.17,6.82,217.27,local_pumpkin
48,70,63,29.08,72.53,6.57,206.61,local_pumpkin
41,59,63,28.36,65.47,6.02,171.47,local_pumpkin
51,63,60,23.94,76.7,6.29,213.89,local_pumpkin
44,58,79,22.26,70.95,6.93,157.0,local_pumpkin
47,54,73,25.42,66.81,6.25,151.68,local_pumpkin
41,54,78,24.66,66.16,6.26,218.25,local_pumpkin
47,69,62,27.79,76.09,6.74,154.76,local_pumpkin
52,54,64,22.3,71.86,6.99,211.89,local_pumpkin
54,55,69,29.56,74.86,6.65,175.82,local_pumpkin
51,70,67,23.99,73.14,6.43,188.5,local_pumpkin
48,59,80,22.29,77.44,6.77,210.41,local_pumpkin
59,59,69,25.15,67.33,6.08,182.42,local_pumpkin
50,65,67,25.75,65.26,6.16,165.9,local_pumpkin
48,57,63,24.26,72.5,6.7,218.4,local_pumpkin
60,69,64,22.68,65.55,6.72,191.93,local_pumpkin
58,69,76,23.18,75.6,6.94,193.89,local_pumpkin
59,59,66,24.23,65.59,6.15,158.9,local_pumpkin
57,52,77,23.79,72.75,6.41,163.13,local_pumpkin
46,62,78,27.7,71.8,6.23,214.04,local_pumpkin
42,56,60,26.16,78.15,6.18,173.63,local_pumpkin
52,63,60,22.05,75.71,6.45,208.26,local_pumpkin
46,65,71,26.74,72.38,6.46,169.37,local_pumpkin
46,53,65,27.28,69.92,6.15,165.02,local_pumpkin
44,61,67,29.98,76.5,6.37,170.25,local_pumpkin
51,68,62,23.66,76.16,6.23,172.57,local_pumpkin
43,66,75,23.06,72.62,6.38,150.9,local_pumpkin
47,66,67,24.78,78.31,6.23,170.49,local_pumpkin
59,55,68,27.28,70.17,6.98,215.72,local_pumpkin
53,70,60,25.27,73.34,6.57,195.24,local_pumpkin
66,59,52,29.86,70.17,5.69,193.17,local_brinjal
70,40,61,31.17,72.91,5.54,171.67,local_brinjal
61,58,60,29.65,78.72,5.65,177.18,local_brinjal
61,43,54,24.77,77.1,6.56,154.9,local_brinjal
50,52,70,24.0,72.04,6.23,170.42,local_brinjal
69,54,65,25.17,68.98,5.75,170.34,local_brinjal
56,56,70,31.19,75.03,5.68,163.22,local_brinjal
56,48,57,26.86,65.57,6.29,172.4,local_brinjal
62,44,58,23.97,78.5,5.93,172.16,local_brinjal
56,41,64,24.23,78.64,5.98,185.24,local_brinjal
65,48,63,22.37,74.17,6.33,150.46,local_brinjal
52,48,58,24.1,71.7,6.69,168.83,local_brinjal
64,58,66,25.17,69.73,6.48,152.86,local_brinjal
68,54,66,23.3,72.53,6.22,167.99,local_brinjal
69,44,53,27.53,70.4,6.63,177.38,local_brinjal
65,56,65,28.29,79.68,6.51,175.17,local_brinjal
66,48,51,26.18,78.95,6.48,175.81,local_brinjal
50,46,70,29.23,78.6,5.99,199.28,local_brinjal
57,57,50,22.11,68.62,5.76,154.47,local_brinjal
62,43,57,23.22,73.71,5.98,171.23,local_brinjal
52,43,70,28.13,73.25,6.49,180.54,local_brinjal
70,41,70,31.97,79.75,6.72,158.4,local_brinjal
54,56,60,24.36,78.22,6.43,175.17,local_brinjal
70,45,64,25.69,76.39,5.76,176.28,local_brinjal
64,44,64,29.2,77.18,6.18,151.5,local_brinjal
65,43,58,27.49,68.5,6.24,194.94,local_brinjal
59,46,59,30.77,66.85,6.78,169.74,local_brinjal
65,47,65,30.95,76.72,6.08,177.18,local_brinjal
63,42,68,23.53,76.14,6.32,198.32,local_brinjal
59,48,69,22.55,70.6,6.17,180.1,local_brinjal
60,57,70,24.46,66.19,5.63,157.13,local_brinjal
51,48,70,29.11,65.11,5.68,153.98,local_brinjal
56,57,53,26.44,73.53,6.02,179.03,local_brinjal
57,54,65,24.07,71.45,5.85,176.52,local_brinjal
51,51,57,31.71,67.52,6.13,177.39,local_brinjal
58,56,67,22.64,70.08,5.55,195.94,local_brinjal
56,40,59,29.46,72.03,5.66,194.99,local_brinjal
66,49,70,30.04,65.35,6.31,195.4,local_brinjal
68,58,61,26.34,72.47,6.0,176.97,local_brinjal
69,52,70,31.18,76.79,6.13,195.22,local_brinjal
53,46,54,23.72,65.56,6.73,164.46,local_brinjal
70,45,69,22.85,69.67,6.18,160.71,local_brinjal
61,51,66,25.2,70.83,6.67,159.98,local_brinjal
63,48,61,23.01,66.24,6.11,157.29,local_brinjal
57,42,57,30.82,74.05,6.69,199.05,local_brinjal
69,54,65,25.46,75.34,6.19,156.15,local_brinjal
51,59,58,31.37,66.92,6.66,154.68,local_brinjal
64,48,66,27.06,71.8,5.96,173.17,local_brinjal
70,58,68,26.69,73.38,6.45,181.7,local_brinjal
65,58,56,25.74,79.6,6.36,159.34,local_brinjal
68,44,55,30.26,65.09,6.45,166.84,local_brinjal
70,58,69,28.33,65.47,6.78,188.53,local_brinjal
55,42,66,29.87,72.46,5.57,182.82,local_brinjal
59,41,68,23.94,69.71,5.88,154.23,local_brinjal
56,60,57,25.97,76.13,6.74,194.46,local_brinjal
54,48,63,30.19,71.6,6.1,172.76,local_brinjal
61,51,60,24.03,66.93,5.52,156.31,local_brinjal
57,55,52,23.1,76.27,6.6,168.47,local_brinjal
68,45,66,24.56,72.8,6.05,172.45,local_brinjal
61,40,54,27.33,65.82,6.44,181.93,local_brinjal
51,48,69,28.19,66.39,5.86,180.2,local_brinjal
56,48,64,31.17,68.13,5.98,166.71,local_brinjal
55,41,65,22.77,79.52,5.81,192.09,local_brinjal
57,42,70,31.53,72.94,5.72,188.62,local_brinjal
65,48,69,29.79,66.06,5.52,187.17,local_brinjal
54,50,52,29.61,70.91,5.97,168.03,local_brinjal
67,46,70,26.18,65.38,6.78,173.19,local_brinjal
62,49,53,24.82,78.98,5.66,184.92,local_brinjal
52,60,52,26.17,68.4,6.14,154.09,local_brinjal
60,47,54,27.22,79.95,6.41,155.89,local_brinjal
64,54,61,23.01,67.81,5.95,197.17,local_brinjal
68,45,68,22.46,66.91,5.82,182.77,local_brinjal
53,54,68,26.69,78.3,6.39,195.69,local_brinjal
63,55,55,27.58,66.02,6.18,192.08,local_brinjal
68,43,57,28.43,78.13,6.54,198.33,local_brinjal
53,54,58,31.11,65.22,5.55,170.97,local_brinjal
61,58,62,22.26,68.56,6.49,184.12,local_brinjal
53,57,59,22.98,73.76,5.68,186.93,local_brinjal
51,50,61,24.75,76.42,5.64,155.06,local_brinjal
52,42,60,25.95,78.57,6.29,153.26,local_brinjal
66,50,50,25.25,65.09,6.69,193.57,local_brinjal
56,42,69,31.5,66.44,6.31,178.6,local_brinjal
68,54,62,31.37,73.32,6.33,177.58,local_brinjal
68,47,70,31.4,77.02,6.79,175.32,local_brinjal
56,49,69,24.53,71.47,5.66,178.17,local_brinjal
59,55,64,29.09,67.07,6.2,160.8,local_brinjal
61,55,67,27.43,77.16,6.63,166.47,local_brinjal
63,50,70,29.2,78.95,5.96,175.22,local_brinjal
52,45,66,23.1,75.17,5.64,192.01,local_brinjal
50,44,56,30.1,79.85,6.73,189.07,local_brinjal
63,44,65,29.07,79.47,5.79,182.41,local_brinjal
64,49,54,25.92,72.99,5.6,173.46,local_brinjal
66,54,63,31.58,76.63,6.76,170.9,local_brinjal
53,44,69,31.99,74.46,5.77,166.53,local_brinjal
54,50,52,28.93,71.95,6.71,181.43,local_brinjal
64,53,53,24.59,72.8,5.77,171.45,local_brinjal
54,41,60,27.1,77.46,6.77,163.99,local_brinjal
61,51,62,28.97,66.19,6.43,186.26,local_brinjal
66,58,56,23.77,66.02,6.68,185.77,local_brinjal
65,46,57,24.44,78.15,6.49,164.52,local_brinjal
